payment_id,member_id,plan_id,amount,payment_date,payment_method
1,1,1,25.0,2025-02-24,Card
2,2,3,300.0,2025-03-24,Bank Transfer
3,2,3,300.0,2025-04-23,Card
4,2,3,300.0,2025-05-23,Card
5,2,3,300.0,2025-06-22,Card
6,2,3,300.0,2025-07-22,Card
7,3,1,25.0,2025-04-15,Bank Transfer
8,4,1,25.0,2025-02-14,Card
9,5,2,100.0,2025-11-06,Card
10,6,1,25.0,2025-03-11,Card
11,7,1,25.0,2025-03-09,Card
12,8,2,100.0,2025-06-26,Bank Transfer
13,9,3,300.0,2025-11-11,Bank Transfer
14,10,1,25.0,2025-02-01,Card
15,11,1,25.0,2025-09-23,Cash
16,12,3,300.0,2025-04-06,Card
17,13,1,25.0,2025-08-05,Card
18,14,1,25.0,2025-09-17,Card
19,15,1,25.0,2025-05-16,Cash
20,16,5,800.0,2025-07-09,Cash
21,16,5,800.0,2025-08-08,Card
22,16,5,800.0,2025-09-07,Card
23,17,1,25.0,2025-11-06,Card
24,18,1,25.0,2025-07-28,Card
25,19,2,100.0,2025-09-07,Card
26,20,1,25.0,2025-11-16,Card
27,21,2,100.0,2025-01-12,Cash
28,22,2,100.0,2025-01-21,Card
29,23,1,25.0,2025-02-03,Bank Transfer
30,24,1,25.0,2025-08-08,Card
31,25,1,25.0,2025-03-10,Bank Transfer
32,26,1,25.0,2025-09-09,Cash
33,27,1,25.0,2025-08-29,Card
34,28,5,800.0,2025-03-19,Cash
35,28,5,800.0,2025-04-18,Card
36,28,5,800.0,2025-05-18,Card
37,28,5,800.0,2025-06-17,Card
38,28,5,800.0,2025-07-17,Card
39,28,5,800.0,2025-08-16,Card
40,29,6,8500.0,2025-09-07,Card
41,30,4,3200.0,2025-09-21,Card
42,31,1,25.0,2025-06-29,Card
43,32,1,25.0,2025-04-02,Card
44,33,1,25.0,2025-10-30,Bank Transfer
45,34,5,800.0,2025-06-18,Bank Transfer
46,34,5,800.0,2025-07-18,Card
47,34,5,800.0,2025-08-17,Card
48,35,2,100.0,2025-02-03,Card
49,36,2,100.0,2025-05-31,Card
50,37,1,25.0,2025-02-16,Card
51,38,3,300.0,2025-01-17,Cash
52,38,3,300.0,2025-02-16,Card
53,38,3,300.0,2025-03-18,Card
54,38,3,300.0,2025-04-17,Card
55,39,5,800.0,2025-06-03,Card
56,39,5,800.0,2025-07-03,Card
57,39,5,800.0,2025-08-02,Card
58,39,5,800.0,2025-09-01,Card
59,39,5,800.0,2025-10-01,Card
60,39,5,800.0,2025-10-31,Card
61,40,3,300.0,2025-03-05,Cash
62,40,3,300.0,2025-04-04,Card
63,40,3,300.0,2025-05-04,Card
64,41,2,100.0,2025-03-04,Card
65,42,2,100.0,2025-01-05,Card
66,43,7,500.0,2025-09-03,Cash
67,44,5,800.0,2025-08-11,Card
68,44,5,800.0,2025-09-10,Card
69,45,1,25.0,2025-07-14,Bank Transfer
70,46,1,25.0,2025-01-23,Cash
71,47,2,100.0,2025-02-24,Bank Transfer
72,48,2,100.0,2025-11-18,Card
73,49,1,25.0,2025-03-29,Bank Transfer
74,50,6,8500.0,2025-10-20,Cash
75,51,7,500.0,2025-06-16,Cash
76,52,7,500.0,2025-11-25,Cash
77,53,3,300.0,2025-03-20,Card
78,53,3,300.0,2025-04-19,Card
79,53,3,300.0,2025-05-19,Card
80,53,3,300.0,2025-06-18,Card
81,54,6,8500.0,2025-02-05,Card
82,55,1,25.0,2025-10-04,Cash
83,56,1,25.0,2025-11-02,Cash
84,57,3,300.0,2025-05-26,Card
85,57,3,300.0,2025-06-25,Card
86,57,3,300.0,2025-07-25,Card
87,58,2,100.0,2025-03-26,Cash
88,59,1,25.0,2025-03-17,Card
89,60,2,100.0,2025-05-15,Card
90,60,2,100.0,2025-05-22,Card
91,61,1,25.0,2025-02-03,Card
92,62,6,8500.0,2025-09-18,Bank Transfer
93,63,3,300.0,2025-02-21,Card
94,63,3,300.0,2025-03-23,Card
95,63,3,300.0,2025-04-22,Card
96,64,1,25.0,2025-07-04,Bank Transfer
97,65,2,100.0,2025-09-07,Card
98,66,1,25.0,2025-08-20,Bank Transfer
99,67,3,300.0,2025-08-04,Card
100,68,1,25.0,2025-04-22,Bank Transfer
101,69,1,25.0,2025-09-26,Bank Transfer
102,70,2,100.0,2025-06-30,Card
103,71,1,25.0,2025-03-16,Bank Transfer
104,72,1,25.0,2025-06-14,Card
105,73,1,25.0,2025-08-22,Card
106,74,6,8500.0,2025-08-31,Cash
107,75,3,300.0,2025-10-28,Card
108,76,1,25.0,2025-06-27,Card
109,77,1,25.0,2025-03-11,Bank Transfer
110,78,1,25.0,2025-10-13,Card
111,79,3,300.0,2025-10-02,Card
112,79,3,300.0,2025-11-01,Card
113,79,3,300.0,2025-12-01,Card
114,79,3,300.0,2025-12-31,Card
115,80,1,25.0,2025-10-15,Cash
116,81,1,25.0,2025-08-17,Cash
117,82,5,800.0,2025-05-10,Bank Transfer
118,82,5,800.0,2025-06-09,Card
119,82,5,800.0,2025-07-09,Card
120,83,1,25.0,2025-07-29,Cash
121,84,3,300.0,2025-10-27,Bank Transfer
122,84,3,300.0,2025-11-26,Card
123,85,3,300.0,2025-08-06,Bank Transfer
124,85,3,300.0,2025-09-05,Card
125,86,7,500.0,2025-06-30,Bank Transfer
126,87,1,25.0,2025-03-01,Card
127,88,3,300.0,2025-05-06,Cash
128,89,2,100.0,2025-01-01,Card
129,90,2,100.0,2025-02-27,Cash
130,91,3,300.0,2025-05-27,Bank Transfer
131,91,3,300.0,2025-06-26,Card
132,91,3,300.0,2025-07-26,Card
133,91,3,300.0,2025-08-25,Card
134,92,1,25.0,2025-01-30,Cash
135,93,3,300.0,2025-11-24,Cash
136,93,3,300.0,2025-12-24,Card
137,94,1,25.0,2025-09-13,Card
138,95,1,25.0,2025-04-09,Bank Transfer
139,96,4,3200.0,2025-02-18,Bank Transfer
140,97,1,25.0,2025-01-14,Card
141,98,1,25.0,2025-06-21,Card
142,99,1,25.0,2025-06-30,Cash
143,100,1,25.0,2025-11-26,Cash
144,101,4,3200.0,2025-07-15,Cash
145,102,2,100.0,2025-11-05,Card
146,102,2,100.0,2025-11-12,Card
147,103,1,25.0,2025-06-04,Card
148,104,4,3200.0,2025-02-19,Card
149,105,5,800.0,2025-07-06,Bank Transfer
150,106,3,300.0,2025-05-22,Bank Transfer
151,107,1,25.0,2025-10-03,Card
152,108,2,100.0,2025-08-17,Card
153,109,1,25.0,2025-07-10,Cash
154,110,1,25.0,2025-11-30,Card
155,111,7,500.0,2025-03-10,Card
156,112,5,800.0,2025-02-27,Cash
157,112,5,800.0,2025-03-29,Card
158,112,5,800.0,2025-04-28,Card
159,112,5,800.0,2025-05-28,Card
160,112,5,800.0,2025-06-27,Card
161,113,1,25.0,2025-10-24,Card
162,114,2,100.0,2025-05-24,Cash
163,115,1,25.0,2025-09-12,Card
164,116,2,100.0,2025-10-09,Bank Transfer
165,117,2,100.0,2025-05-02,Card
166,118,1,25.0,2025-03-19,Card
167,119,1,25.0,2025-10-04,Card
168,120,1,25.0,2025-11-16,Cash
169,121,1,25.0,2025-11-18,Bank Transfer
170,122,1,25.0,2025-03-04,Bank Transfer
171,123,3,300.0,2025-07-09,Bank Transfer
172,123,3,300.0,2025-08-08,Card
173,123,3,300.0,2025-09-07,Card
174,123,3,300.0,2025-10-07,Card
175,123,3,300.0,2025-11-06,Card
176,124,6,8500.0,2025-06-30,Cash
177,125,2,100.0,2025-08-07,Card
178,126,1,25.0,2025-02-23,Cash
179,127,3,300.0,2025-03-25,Bank Transfer
180,127,3,300.0,2025-04-24,Card
181,128,5,800.0,2025-09-22,Bank Transfer
182,128,5,800.0,2025-10-22,Card
183,128,5,800.0,2025-11-21,Card
184,128,5,800.0,2025-12-21,Card
185,129,1,25.0,2025-11-06,Bank Transfer
186,130,1,25.0,2025-02-27,Card
187,131,3,300.0,2025-11-18,Cash
188,131,3,300.0,2025-12-18,Card
189,132,1,25.0,2025-10-16,Card
190,133,3,300.0,2025-06-06,Bank Transfer
191,133,3,300.0,2025-07-06,Card
192,134,7,500.0,2025-06-30,Card
193,135,1,25.0,2025-07-25,Bank Transfer
194,136,5,800.0,2025-02-26,Cash
195,136,5,800.0,2025-03-28,Card
196,136,5,800.0,2025-04-27,Card
197,137,3,300.0,2025-02-23,Cash
198,137,3,300.0,2025-03-25,Card
199,138,2,100.0,2025-08-24,Card
200,139,3,300.0,2025-10-23,Card
201,139,3,300.0,2025-11-22,Card
202,139,3,300.0,2025-12-22,Card
203,140,1,25.0,2025-09-24,Card
204,141,7,500.0,2025-01-08,Card
205,142,1,25.0,2025-04-13,Bank Transfer
206,143,1,25.0,2025-10-29,Card
207,144,5,800.0,2025-03-19,Cash
208,145,1,25.0,2025-02-17,Card
209,146,1,25.0,2025-07-28,Card
210,147,1,25.0,2025-09-08,Cash
211,148,6,8500.0,2025-06-08,Bank Transfer
212,149,4,3200.0,2025-05-24,Bank Transfer
213,150,1,25.0,2025-11-23,Cash
214,151,2,100.0,2025-01-23,Bank Transfer
215,152,1,25.0,2025-01-11,Card
216,153,1,25.0,2025-04-17,Card
217,154,2,100.0,2025-01-27,Bank Transfer
218,155,4,3200.0,2025-03-01,Card
219,156,5,800.0,2025-01-25,Card
220,156,5,800.0,2025-02-24,Card
221,156,5,800.0,2025-03-26,Card
222,156,5,800.0,2025-04-25,Card
223,157,1,25.0,2025-06-28,Card
224,158,1,25.0,2025-08-24,Card
225,159,2,100.0,2025-09-19,Bank Transfer
226,160,1,25.0,2025-02-19,Bank Transfer
227,161,1,25.0,2025-08-12,Card
228,162,3,300.0,2025-04-28,Card
229,163,1,25.0,2025-06-03,Bank Transfer
230,164,1,25.0,2025-03-08,Card
231,165,1,25.0,2025-03-13,Card
232,166,6,8500.0,2025-07-13,Card
233,167,1,25.0,2025-01-14,Card
234,168,5,800.0,2025-06-11,Bank Transfer
235,168,5,800.0,2025-07-11,Card
236,168,5,800.0,2025-08-10,Card
237,169,5,800.0,2025-01-25,Card
238,169,5,800.0,2025-02-24,Card
239,170,2,100.0,2025-09-24,Bank Transfer
240,171,1,25.0,2025-01-13,Bank Transfer
241,172,7,500.0,2025-08-25,Cash
242,173,3,300.0,2025-03-16,Card
243,173,3,300.0,2025-04-15,Card
244,174,5,800.0,2025-05-04,Bank Transfer
245,174,5,800.0,2025-06-03,Card
246,175,1,25.0,2025-08-09,Card
247,176,1,25.0,2025-02-02,Bank Transfer
248,177,1,25.0,2025-09-08,Cash
249,178,3,300.0,2025-01-08,Cash
250,178,3,300.0,2025-02-07,Card
251,178,3,300.0,2025-03-09,Card
252,178,3,300.0,2025-04-08,Card
253,179,1,25.0,2025-10-10,Card
254,180,1,25.0,2025-08-03,Bank Transfer
255,181,3,300.0,2025-03-05,Card
256,181,3,300.0,2025-04-04,Card
257,182,1,25.0,2025-10-08,Card
258,183,1,25.0,2025-01-28,Card
259,184,3,300.0,2025-02-15,Card
260,184,3,300.0,2025-03-17,Card
261,184,3,300.0,2025-04-16,Card
262,185,4,3200.0,2025-01-19,Card
263,186,4,3200.0,2025-01-05,Bank Transfer
264,187,3,300.0,2025-07-16,Cash
265,188,1,25.0,2025-01-18,Card
266,189,1,25.0,2025-10-19,Cash
267,190,5,800.0,2025-03-12,Cash
268,190,5,800.0,2025-04-11,Card
269,191,1,25.0,2025-04-16,Cash
270,192,3,300.0,2025-01-16,Bank Transfer
271,192,3,300.0,2025-02-15,Card
272,193,3,300.0,2025-01-06,Card
273,193,3,300.0,2025-02-05,Card
274,193,3,300.0,2025-03-07,Card
275,193,3,300.0,2025-04-06,Card
276,194,1,25.0,2025-06-11,Card
277,195,7,500.0,2025-09-28,Card
278,196,3,300.0,2025-10-27,Card
279,197,1,25.0,2025-08-02,Card
280,198,4,3200.0,2025-01-15,Bank Transfer
281,199,7,500.0,2025-01-21,Card
282,200,5,800.0,2025-02-08,Card
283,200,5,800.0,2025-03-10,Card
284,201,3,300.0,2025-03-05,Bank Transfer
285,201,3,300.0,2025-04-04,Card
286,202,2,100.0,2025-06-02,Cash
287,203,2,100.0,2025-08-18,Bank Transfer
288,204,3,300.0,2025-09-05,Card
289,204,3,300.0,2025-10-05,Card
290,204,3,300.0,2025-11-04,Card
291,204,3,300.0,2025-12-04,Card
292,205,1,25.0,2025-01-30,Card
293,206,2,100.0,2025-02-16,Cash
294,207,6,8500.0,2025-02-08,Card
295,208,1,25.0,2025-06-22,Cash
296,209,1,25.0,2025-11-15,Card
297,210,1,25.0,2025-06-19,Bank Transfer
298,211,1,25.0,2025-08-02,Bank Transfer
299,212,1,25.0,2025-07-18,Card
300,213,1,25.0,2025-06-15,Bank Transfer
301,214,6,8500.0,2025-03-22,Card
302,215,3,300.0,2025-11-06,Bank Transfer
303,215,3,300.0,2025-12-06,Card
304,216,3,300.0,2025-09-03,Bank Transfer
305,216,3,300.0,2025-10-03,Card
306,217,5,800.0,2025-08-19,Card
307,217,5,800.0,2025-09-18,Card
308,218,7,500.0,2025-07-12,Cash
309,219,1,25.0,2025-02-22,Cash
310,220,1,25.0,2025-08-28,Card
311,221,3,300.0,2025-10-28,Card
312,221,3,300.0,2025-11-27,Card
313,222,2,100.0,2025-09-27,Bank Transfer
314,223,2,100.0,2025-05-17,Bank Transfer
315,224,2,100.0,2025-07-21,Cash
316,225,1,25.0,2025-01-28,Card
317,226,1,25.0,2025-07-14,Cash
318,227,1,25.0,2025-06-30,Cash
319,228,1,25.0,2025-02-21,Card
320,229,2,100.0,2025-01-28,Cash
321,230,7,500.0,2025-05-25,Card
322,231,1,25.0,2025-05-20,Card
323,232,1,25.0,2025-11-02,Card
324,233,1,25.0,2025-10-31,Card
325,234,3,300.0,2025-03-02,Card
326,234,3,300.0,2025-04-01,Card
327,234,3,300.0,2025-05-01,Card
328,235,5,800.0,2025-03-16,Card
329,235,5,800.0,2025-04-15,Card
330,236,1,25.0,2025-05-05,Card
331,237,5,800.0,2025-04-06,Card
332,237,5,800.0,2025-05-06,Card
333,237,5,800.0,2025-06-05,Card
334,238,1,25.0,2025-10-07,Cash
335,239,1,25.0,2025-09-19,Bank Transfer
336,240,3,300.0,2025-07-02,Bank Transfer
337,240,3,300.0,2025-08-01,Card
338,241,3,300.0,2025-08-30,Card
339,242,3,300.0,2025-02-27,Bank Transfer
340,242,3,300.0,2025-03-29,Card
341,243,3,300.0,2025-04-29,Cash
342,243,3,300.0,2025-05-29,Card
343,244,1,25.0,2025-07-26,Bank Transfer
344,245,1,25.0,2025-07-30,Card
345,246,3,300.0,2025-10-07,Card
346,246,3,300.0,2025-11-06,Card
347,246,3,300.0,2025-12-06,Card
348,247,1,25.0,2025-01-18,Cash
349,248,1,25.0,2025-01-09,Card
350,249,2,100.0,2025-05-01,Bank Transfer
351,250,1,25.0,2025-07-19,Card
352,251,2,100.0,2025-05-02,Cash
353,252,2,100.0,2025-01-25,Cash
354,253,1,25.0,2025-08-16,Cash
355,254,2,100.0,2025-09-26,Card
356,255,1,25.0,2025-04-14,Card
357,256,3,300.0,2025-09-28,Cash
358,256,3,300.0,2025-10-28,Card
359,256,3,300.0,2025-11-27,Card
360,257,1,25.0,2025-02-07,Card
361,258,1,25.0,2025-10-01,Card
362,259,1,25.0,2025-09-22,Card
363,260,2,100.0,2025-03-20,Cash
364,261,7,500.0,2025-09-12,Cash
365,262,2,100.0,2025-08-29,Bank Transfer
366,263,5,800.0,2025-04-02,Bank Transfer
367,263,5,800.0,2025-05-02,Card
368,263,5,800.0,2025-06-01,Card
369,263,5,800.0,2025-07-01,Card
370,263,5,800.0,2025-07-31,Card
371,263,5,800.0,2025-08-30,Card
372,264,2,100.0,2025-04-18,Cash
373,264,2,100.0,2025-04-25,Card
374,265,3,300.0,2025-03-09,Card
375,266,3,300.0,2025-06-15,Cash
376,266,3,300.0,2025-07-15,Card
377,266,3,300.0,2025-08-14,Card
378,267,1,25.0,2025-10-31,Card
379,268,2,100.0,2025-01-16,Bank Transfer
380,269,2,100.0,2025-01-13,Card
381,270,1,25.0,2025-01-31,Card
382,271,1,25.0,2025-04-15,Card
383,272,7,500.0,2025-07-22,Card
384,273,2,100.0,2025-01-14,Bank Transfer
385,274,2,100.0,2025-01-01,Card
386,275,3,300.0,2025-04-17,Card
387,275,3,300.0,2025-05-17,Card
388,275,3,300.0,2025-06-16,Card
389,276,5,800.0,2025-05-03,Cash
390,277,1,25.0,2025-05-01,Card
391,278,4,3200.0,2025-06-07,Bank Transfer
392,279,4,3200.0,2025-03-02,Card
393,280,7,500.0,2025-10-25,Bank Transfer
394,281,6,8500.0,2025-04-19,Bank Transfer
395,282,1,25.0,2025-03-04,Cash
396,283,1,25.0,2025-08-28,Cash
397,284,3,300.0,2025-09-24,Cash
398,284,3,300.0,2025-10-24,Card
399,284,3,300.0,2025-11-23,Card
400,284,3,300.0,2025-12-23,Card
401,285,3,300.0,2025-01-22,Cash
402,285,3,300.0,2025-02-21,Card
403,286,3,300.0,2025-09-06,Card
404,287,5,800.0,2025-09-08,Card
405,287,5,800.0,2025-10-08,Card
406,287,5,800.0,2025-11-07,Card
407,288,2,100.0,2025-06-08,Bank Transfer
408,289,2,100.0,2025-10-27,Card
409,290,1,25.0,2025-09-05,Cash
410,291,1,25.0,2025-01-23,Cash
411,292,5,800.0,2025-11-04,Card
412,292,5,800.0,2025-12-04,Card
413,293,1,25.0,2025-07-29,Bank Transfer
414,294,1,25.0,2025-08-11,Bank Transfer
415,295,1,25.0,2025-03-29,Cash
416,296,1,25.0,2025-11-04,Card
417,297,7,500.0,2025-08-04,Cash
418,298,1,25.0,2025-01-11,Bank Transfer
419,299,2,100.0,2025-05-19,Card
420,300,3,300.0,2025-10-07,Cash
421,301,1,25.0,2025-09-25,Cash
422,302,1,25.0,2025-02-03,Cash
423,303,3,300.0,2025-04-01,Cash
424,303,3,300.0,2025-05-01,Card
425,304,6,8500.0,2025-10-03,Card
426,305,1,25.0,2025-05-10,Card
427,306,1,25.0,2025-06-12,Card
428,307,1,25.0,2025-10-26,Cash
429,308,2,100.0,2025-02-08,Card
430,309,1,25.0,2025-02-07,Cash
431,310,2,100.0,2025-06-28,Cash
432,311,5,800.0,2025-08-19,Bank Transfer
433,311,5,800.0,2025-09-18,Card
434,312,3,300.0,2025-09-23,Bank Transfer
435,312,3,300.0,2025-10-23,Card
436,313,2,100.0,2025-06-07,Card
437,314,3,300.0,2025-04-15,Card
438,314,3,300.0,2025-05-15,Card
439,315,1,25.0,2025-03-19,Cash
440,316,1,25.0,2025-06-15,Card
441,317,1,25.0,2025-01-17,Cash
442,318,2,100.0,2025-08-17,Card
443,319,1,25.0,2025-05-01,Cash
444,320,2,100.0,2025-01-14,Card
445,321,1,25.0,2025-01-08,Cash
446,322,1,25.0,2025-01-01,Card
447,323,2,100.0,2025-05-09,Cash
448,324,1,25.0,2025-05-04,Cash
449,325,1,25.0,2025-06-22,Card
450,326,6,8500.0,2025-08-03,Card
451,327,7,500.0,2025-05-07,Card
452,328,3,300.0,2025-09-29,Cash
453,328,3,300.0,2025-10-29,Card
454,328,3,300.0,2025-11-28,Card
455,329,1,25.0,2025-06-10,Cash
456,330,2,100.0,2025-11-26,Cash
457,331,3,300.0,2025-04-16,Card
458,331,3,300.0,2025-05-16,Card
459,331,3,300.0,2025-06-15,Card
460,331,3,300.0,2025-07-15,Card
461,331,3,300.0,2025-08-14,Card
462,332,2,100.0,2025-06-25,Card
463,333,1,25.0,2025-03-05,Card
464,334,1,25.0,2025-08-20,Card
465,335,6,8500.0,2025-03-31,Card
466,336,1,25.0,2025-06-08,Card
467,337,1,25.0,2025-04-12,Card
468,338,1,25.0,2025-02-15,Bank Transfer
469,339,2,100.0,2025-02-07,Bank Transfer
470,340,3,300.0,2025-09-16,Cash
471,340,3,300.0,2025-10-16,Card
472,340,3,300.0,2025-11-15,Card
473,341,7,500.0,2025-08-25,Cash
474,342,1,25.0,2025-10-30,Card
475,343,3,300.0,2025-08-24,Card
476,343,3,300.0,2025-09-23,Card
477,343,3,300.0,2025-10-23,Card
478,344,1,25.0,2025-11-05,Bank Transfer
479,345,1,25.0,2025-02-09,Cash
480,346,6,8500.0,2025-11-01,Card
481,347,1,25.0,2025-02-12,Cash
482,348,2,100.0,2025-01-02,Card
483,349,1,25.0,2025-09-18,Card
484,350,1,25.0,2025-10-14,Card
485,351,3,300.0,2025-07-30,Card
486,351,3,300.0,2025-08-29,Card
487,351,3,300.0,2025-09-28,Card
488,352,1,25.0,2025-09-26,Card
489,353,1,25.0,2025-05-31,Cash
490,354,6,8500.0,2025-11-02,Card
491,355,3,300.0,2025-04-09,Cash
492,355,3,300.0,2025-05-09,Card
493,356,5,800.0,2025-01-23,Card
494,356,5,800.0,2025-02-22,Card
495,356,5,800.0,2025-03-24,Card
496,356,5,800.0,2025-04-23,Card
497,356,5,800.0,2025-05-23,Card
498,356,5,800.0,2025-06-22,Card
499,357,2,100.0,2025-10-29,Bank Transfer
500,358,1,25.0,2025-09-09,Cash
501,359,1,25.0,2025-05-05,Cash
502,360,2,100.0,2025-02-12,Card
503,361,1,25.0,2025-01-12,Card
504,362,3,300.0,2025-11-16,Bank Transfer
505,362,3,300.0,2025-12-16,Card
506,363,5,800.0,2025-08-10,Bank Transfer
507,363,5,800.0,2025-09-09,Card
508,363,5,800.0,2025-10-09,Card
509,363,5,800.0,2025-11-08,Card
510,363,5,800.0,2025-12-08,Card
511,364,3,300.0,2025-02-11,Card
512,364,3,300.0,2025-03-13,Card
513,365,3,300.0,2025-10-18,Cash
514,365,3,300.0,2025-11-17,Card
515,365,3,300.0,2025-12-17,Card
516,366,1,25.0,2025-08-07,Cash
517,367,4,3200.0,2025-01-21,Bank Transfer
518,368,4,3200.0,2025-10-16,Card
519,369,2,100.0,2025-02-01,Cash
520,370,1,25.0,2025-04-15,Card
521,371,3,300.0,2025-09-13,Bank Transfer
522,372,2,100.0,2025-02-19,Card
523,373,1,25.0,2025-10-12,Bank Transfer
524,374,6,8500.0,2025-02-13,Bank Transfer
525,375,1,25.0,2025-01-15,Card
526,376,5,800.0,2025-08-12,Bank Transfer
527,376,5,800.0,2025-09-11,Card
528,377,2,100.0,2025-11-09,Card
529,378,1,25.0,2025-06-22,Card
530,379,1,25.0,2025-11-12,Card
531,380,3,300.0,2025-10-15,Bank Transfer
532,380,3,300.0,2025-11-14,Card
533,381,7,500.0,2025-06-09,Card
534,382,7,500.0,2025-08-11,Card
535,383,3,300.0,2025-08-02,Card
536,383,3,300.0,2025-09-01,Card
537,383,3,300.0,2025-10-01,Card
538,384,1,25.0,2025-02-10,Cash
539,385,1,25.0,2025-03-23,Bank Transfer
540,386,1,25.0,2025-04-13,Card
541,387,5,800.0,2025-07-04,Card
542,387,5,800.0,2025-08-03,Card
543,387,5,800.0,2025-09-02,Card
544,388,3,300.0,2025-03-15,Card
545,389,3,300.0,2025-02-25,Bank Transfer
546,390,1,25.0,2025-09-12,Card
547,391,3,300.0,2025-06-12,Card
548,392,1,25.0,2025-01-11,Cash
549,393,1,25.0,2025-03-24,Cash
550,394,5,800.0,2025-10-03,Cash
551,394,5,800.0,2025-11-02,Card
552,394,5,800.0,2025-12-02,Card
553,395,4,3200.0,2025-08-23,Card
554,396,3,300.0,2025-08-04,Cash
555,396,3,300.0,2025-09-03,Card
556,396,3,300.0,2025-10-03,Card
557,397,1,25.0,2025-08-10,Cash
558,398,2,100.0,2025-07-20,Cash
559,399,3,300.0,2025-08-23,Card
560,399,3,300.0,2025-09-22,Card
561,399,3,300.0,2025-10-22,Card
562,400,5,800.0,2025-04-27,Cash
563,401,1,25.0,2025-06-18,Card
564,402,1,25.0,2025-09-12,Cash
565,403,3,300.0,2025-05-18,Cash
566,403,3,300.0,2025-06-17,Card
567,403,3,300.0,2025-07-17,Card
568,404,1,25.0,2025-05-08,Card
569,405,6,8500.0,2025-05-14,Cash
570,406,3,300.0,2025-10-28,Bank Transfer
571,406,3,300.0,2025-11-27,Card
572,406,3,300.0,2025-12-27,Card
573,407,3,300.0,2025-01-03,Bank Transfer
574,407,3,300.0,2025-02-02,Card
575,407,3,300.0,2025-03-04,Card
576,407,3,300.0,2025-04-03,Card
577,407,3,300.0,2025-05-03,Card
578,408,3,300.0,2025-06-22,Cash
579,408,3,300.0,2025-07-22,Card
580,409,1,25.0,2025-10-29,Bank Transfer
581,410,1,25.0,2025-11-03,Card
582,411,1,25.0,2025-01-20,Bank Transfer
583,412,1,25.0,2025-08-11,Bank Transfer
584,413,1,25.0,2025-11-30,Bank Transfer
585,414,5,800.0,2025-07-25,Cash
586,414,5,800.0,2025-08-24,Card
587,414,5,800.0,2025-09-23,Card
588,414,5,800.0,2025-10-23,Card
589,415,3,300.0,2025-08-26,Cash
590,415,3,300.0,2025-09-25,Card
591,415,3,300.0,2025-10-25,Card
592,415,3,300.0,2025-11-24,Card
593,415,3,300.0,2025-12-24,Card
594,416,1,25.0,2025-08-14,Card
595,417,5,800.0,2025-03-23,Bank Transfer
596,418,7,500.0,2025-09-09,Card
597,419,3,300.0,2025-04-23,Cash
598,419,3,300.0,2025-05-23,Card
599,420,1,25.0,2025-02-13,Card
600,421,3,300.0,2025-03-04,Card
601,421,3,300.0,2025-04-03,Card
602,421,3,300.0,2025-05-03,Card
603,421,3,300.0,2025-06-02,Card
604,422,3,300.0,2025-02-20,Bank Transfer
605,422,3,300.0,2025-03-22,Card
606,422,3,300.0,2025-04-21,Card
607,422,3,300.0,2025-05-21,Card
608,422,3,300.0,2025-06-20,Card
609,423,1,25.0,2025-08-11,Cash
610,424,5,800.0,2025-06-16,Bank Transfer
611,424,5,800.0,2025-07-16,Card
612,424,5,800.0,2025-08-15,Card
613,424,5,800.0,2025-09-14,Card
614,424,5,800.0,2025-10-14,Card
615,425,2,100.0,2025-03-08,Cash
616,426,5,800.0,2025-04-30,Cash
617,426,5,800.0,2025-05-30,Card
618,426,5,800.0,2025-06-29,Card
619,427,2,100.0,2025-11-18,Card
620,428,1,25.0,2025-09-12,Card
621,429,1,25.0,2025-10-06,Card
622,430,3,300.0,2025-04-24,Cash
623,430,3,300.0,2025-05-24,Card
624,430,3,300.0,2025-06-23,Card
625,430,3,300.0,2025-07-23,Card
626,430,3,300.0,2025-08-22,Card
627,430,3,300.0,2025-09-21,Card
628,431,1,25.0,2025-09-28,Card
629,432,5,800.0,2025-11-15,Card
630,432,5,800.0,2025-12-15,Card
631,433,1,25.0,2025-03-19,Card
632,434,1,25.0,2025-04-22,Bank Transfer
633,435,7,500.0,2025-09-30,Cash
634,436,4,3200.0,2025-07-16,Cash
635,437,1,25.0,2025-06-17,Card
636,438,2,100.0,2025-11-05,Card
637,439,2,100.0,2025-06-29,Card
638,440,3,300.0,2025-02-08,Bank Transfer
639,441,1,25.0,2025-06-06,Card
640,442,3,300.0,2025-09-18,Bank Transfer
641,442,3,300.0,2025-10-18,Card
642,442,3,300.0,2025-11-17,Card
643,443,2,100.0,2025-07-17,Bank Transfer
644,444,2,100.0,2025-11-28,Cash
645,445,2,100.0,2025-07-30,Card
646,446,1,25.0,2025-09-03,Cash
647,447,1,25.0,2025-06-18,Card
648,448,2,100.0,2025-07-18,Cash
649,449,1,25.0,2025-06-30,Card
650,450,1,25.0,2025-06-29,Bank Transfer
651,451,4,3200.0,2025-11-05,Card
652,452,2,100.0,2025-02-24,Card
653,453,1,25.0,2025-07-15,Card
654,454,4,3200.0,2025-05-02,Card
655,455,1,25.0,2025-09-24,Card
656,456,3,300.0,2025-08-02,Card
657,456,3,300.0,2025-09-01,Card
658,456,3,300.0,2025-10-01,Card
659,457,1,25.0,2025-06-15,Bank Transfer
660,458,1,25.0,2025-01-24,Bank Transfer
661,459,3,300.0,2025-04-10,Card
662,460,2,100.0,2025-04-30,Cash
663,461,1,25.0,2025-02-03,Bank Transfer
664,462,2,100.0,2025-05-27,Cash
665,463,1,25.0,2025-06-04,Cash
666,464,3,300.0,2025-09-10,Bank Transfer
667,465,3,300.0,2025-11-04,Bank Transfer
668,465,3,300.0,2025-12-04,Card
669,466,1,25.0,2025-05-23,Cash
670,467,1,25.0,2025-05-13,Cash
671,468,5,800.0,2025-02-23,Bank Transfer
672,468,5,800.0,2025-03-25,Card
673,468,5,800.0,2025-04-24,Card
674,468,5,800.0,2025-05-24,Card
675,469,7,500.0,2025-08-18,Cash
676,470,6,8500.0,2025-07-07,Card
677,471,1,25.0,2025-07-13,Card
678,472,3,300.0,2025-02-16,Cash
679,473,1,25.0,2025-01-24,Cash
680,474,1,25.0,2025-06-19,Cash
681,475,1,25.0,2025-04-29,Card
682,476,2,100.0,2025-08-03,Card
683,477,1,25.0,2025-03-21,Card
684,478,5,800.0,2025-06-21,Bank Transfer
685,478,5,800.0,2025-07-21,Card
686,478,5,800.0,2025-08-20,Card
687,479,2,100.0,2025-04-20,Cash
688,479,2,100.0,2025-04-27,Card
689,480,1,25.0,2025-07-16,Cash
690,481,2,100.0,2025-05-26,Cash
691,481,2,100.0,2025-06-02,Card
692,482,1,25.0,2025-05-02,Card
693,483,2,100.0,2025-06-05,Card
694,484,1,25.0,2025-01-23,Card
695,485,1,25.0,2025-10-15,Bank Transfer
696,486,1,25.0,2025-03-08,Card
697,487,1,25.0,2025-05-17,Bank Transfer
698,488,1,25.0,2025-04-08,Card
699,489,2,100.0,2025-11-12,Bank Transfer
700,490,1,25.0,2025-09-20,Bank Transfer
701,491,1,25.0,2025-01-10,Bank Transfer
702,492,1,25.0,2025-01-17,Card
703,493,5,800.0,2025-09-03,Card
704,494,2,100.0,2025-04-25,Cash
705,495,3,300.0,2025-10-27,Card
706,496,3,300.0,2025-05-20,Card
707,497,1,25.0,2025-06-23,Card
708,498,6,8500.0,2025-10-28,Bank Transfer
709,499,1,25.0,2025-03-31,Cash
710,500,1,25.0,2025-07-30,Card
711,501,3,300.0,2025-01-18,Cash
712,501,3,300.0,2025-02-17,Card
713,501,3,300.0,2025-03-19,Card
714,502,1,25.0,2025-05-13,Card
715,503,5,800.0,2025-07-31,Card
716,503,5,800.0,2025-08-30,Card
717,503,5,800.0,2025-09-29,Card
718,503,5,800.0,2025-10-29,Card
719,504,5,800.0,2025-03-23,Card
720,505,2,100.0,2025-07-07,Cash
721,506,3,300.0,2025-11-06,Cash
722,506,3,300.0,2025-12-06,Card
723,507,5,800.0,2025-09-20,Card
724,507,5,800.0,2025-10-20,Card
725,508,3,300.0,2025-02-08,Bank Transfer
726,508,3,300.0,2025-03-10,Card
727,509,5,800.0,2025-10-10,Cash
728,509,5,800.0,2025-11-09,Card
729,510,6,8500.0,2025-11-18,Card
730,511,2,100.0,2025-03-10,Bank Transfer
731,512,3,300.0,2025-06-29,Cash
732,513,6,8500.0,2025-08-23,Bank Transfer
733,514,3,300.0,2025-09-15,Cash
734,515,5,800.0,2025-02-25,Cash
735,515,5,800.0,2025-03-27,Card
736,515,5,800.0,2025-04-26,Card
737,516,7,500.0,2025-08-30,Card
738,517,5,800.0,2025-05-10,Card
739,517,5,800.0,2025-06-09,Card
740,517,5,800.0,2025-07-09,Card
741,517,5,800.0,2025-08-08,Card
742,517,5,800.0,2025-09-07,Card
743,518,5,800.0,2025-02-09,Card
744,518,5,800.0,2025-03-11,Card
745,519,1,25.0,2025-03-12,Cash
746,520,3,300.0,2025-04-03,Cash
747,520,3,300.0,2025-05-03,Card
748,520,3,300.0,2025-06-02,Card
749,521,3,300.0,2025-03-06,Card
750,522,5,800.0,2025-05-23,Bank Transfer
751,523,1,25.0,2025-04-03,Card
752,524,1,25.0,2025-10-15,Cash
753,525,1,25.0,2025-02-09,Cash
754,526,5,800.0,2025-05-05,Card
755,526,5,800.0,2025-06-04,Card
756,527,1,25.0,2025-09-07,Card
757,528,1,25.0,2025-07-04,Bank Transfer
758,529,2,100.0,2025-11-24,Card
759,530,1,25.0,2025-02-23,Bank Transfer
760,531,1,25.0,2025-03-06,Card
761,532,1,25.0,2025-06-04,Card
762,533,5,800.0,2025-08-29,Bank Transfer
763,533,5,800.0,2025-09-28,Card
764,533,5,800.0,2025-10-28,Card
765,533,5,800.0,2025-11-27,Card
766,534,3,300.0,2025-09-09,Cash
767,534,3,300.0,2025-10-09,Card
768,534,3,300.0,2025-11-08,Card
769,535,1,25.0,2025-07-31,Cash
770,536,4,3200.0,2025-04-10,Card
771,537,1,25.0,2025-10-10,Card
772,538,1,25.0,2025-04-11,Card
773,539,1,25.0,2025-09-14,Card
774,540,1,25.0,2025-04-29,Card
775,541,1,25.0,2025-09-14,Bank Transfer
776,542,1,25.0,2025-03-26,Cash
777,543,2,100.0,2025-05-06,Cash
778,544,7,500.0,2025-10-27,Card
779,545,4,3200.0,2025-01-06,Card
780,546,1,25.0,2025-07-04,Bank Transfer
781,547,6,8500.0,2025-10-10,Bank Transfer
782,548,4,3200.0,2025-07-21,Card
783,549,2,100.0,2025-10-26,Card
784,550,3,300.0,2025-04-18,Card
785,551,1,25.0,2025-09-10,Bank Transfer
786,552,2,100.0,2025-02-12,Bank Transfer
787,553,1,25.0,2025-03-21,Cash
788,554,3,300.0,2025-09-29,Card
789,554,3,300.0,2025-10-29,Card
790,554,3,300.0,2025-11-28,Card
791,554,3,300.0,2025-12-28,Card
792,555,6,8500.0,2025-06-17,Cash
793,556,7,500.0,2025-09-03,Bank Transfer
794,557,1,25.0,2025-10-02,Bank Transfer
795,558,2,100.0,2025-11-27,Bank Transfer
796,559,7,500.0,2025-03-17,Card
797,560,1,25.0,2025-04-23,Cash
798,561,1,25.0,2025-04-11,Card
799,562,1,25.0,2025-01-09,Card
800,563,1,25.0,2025-01-25,Card
801,564,5,800.0,2025-10-25,Cash
802,564,5,800.0,2025-11-24,Card
803,564,5,800.0,2025-12-24,Card
804,565,1,25.0,2025-01-07,Bank Transfer
805,566,5,800.0,2025-08-08,Card
806,566,5,800.0,2025-09-07,Card
807,566,5,800.0,2025-10-07,Card
808,566,5,800.0,2025-11-06,Card
809,567,1,25.0,2025-02-19,Card
810,568,1,25.0,2025-06-25,Card
811,569,7,500.0,2025-10-07,Cash
812,570,6,8500.0,2025-08-27,Cash
813,571,2,100.0,2025-09-24,Bank Transfer
814,572,2,100.0,2025-05-20,Card
815,573,1,25.0,2025-05-07,Cash
816,574,1,25.0,2025-02-06,Card
817,575,7,500.0,2025-01-01,Card
818,576,1,25.0,2025-02-15,Card
819,577,1,25.0,2025-01-15,Cash
820,578,6,8500.0,2025-02-24,Card
821,579,3,300.0,2025-04-10,Card
822,579,3,300.0,2025-05-10,Card
823,579,3,300.0,2025-06-09,Card
824,580,1,25.0,2025-06-07,Bank Transfer
825,581,3,300.0,2025-06-26,Bank Transfer
826,582,2,100.0,2025-09-16,Card
827,583,3,300.0,2025-11-14,Bank Transfer
828,583,3,300.0,2025-12-14,Card
829,584,1,25.0,2025-06-24,Cash
830,585,3,300.0,2025-03-28,Card
831,585,3,300.0,2025-04-27,Card
832,586,1,25.0,2025-05-10,Card
833,587,4,3200.0,2025-05-10,Cash
834,588,1,25.0,2025-07-03,Card
835,589,1,25.0,2025-10-07,Bank Transfer
836,590,4,3200.0,2025-02-04,Bank Transfer
837,591,6,8500.0,2025-08-25,Cash
838,592,2,100.0,2025-09-02,Card
839,593,1,25.0,2025-03-10,Card
840,594,7,500.0,2025-10-28,Cash
841,595,4,3200.0,2025-01-05,Cash
842,596,2,100.0,2025-04-09,Bank Transfer
843,597,6,8500.0,2025-03-31,Card
844,598,3,300.0,2025-07-27,Card
845,598,3,300.0,2025-08-26,Card
846,599,1,25.0,2025-08-04,Cash
847,600,1,25.0,2025-08-24,Card
848,601,4,3200.0,2025-10-06,Card
849,602,1,25.0,2025-11-14,Card
850,603,7,500.0,2025-03-24,Card
851,604,1,25.0,2025-02-17,Cash
852,605,1,25.0,2025-06-18,Card
853,606,4,3200.0,2025-02-18,Card
854,607,1,25.0,2025-06-11,Card
855,608,1,25.0,2025-03-06,Card
856,609,3,300.0,2025-01-16,Card
857,610,4,3200.0,2025-01-22,Cash
858,611,3,300.0,2025-11-13,Cash
859,611,3,300.0,2025-12-13,Card
860,612,6,8500.0,2025-08-22,Cash
861,613,1,25.0,2025-07-29,Card
862,614,2,100.0,2025-03-29,Cash
863,615,1,25.0,2025-09-10,Cash
864,616,1,25.0,2025-10-04,Cash
865,617,1,25.0,2025-10-08,Cash
866,618,3,300.0,2025-06-28,Card
867,619,1,25.0,2025-11-25,Card
868,620,1,25.0,2025-08-11,Cash
869,621,2,100.0,2025-02-26,Card
870,621,2,100.0,2025-03-05,Card
871,622,3,300.0,2025-10-18,Cash
872,622,3,300.0,2025-11-17,Card
873,622,3,300.0,2025-12-17,Card
874,623,1,25.0,2025-05-21,Cash
875,624,1,25.0,2025-06-22,Bank Transfer
876,625,1,25.0,2025-06-17,Card
877,626,1,25.0,2025-07-02,Bank Transfer
878,627,1,25.0,2025-03-24,Bank Transfer
879,628,2,100.0,2025-10-10,Card
880,629,6,8500.0,2025-08-02,Card
881,630,1,25.0,2025-05-19,Bank Transfer
882,631,1,25.0,2025-08-10,Card
883,632,1,25.0,2025-05-03,Card
884,633,5,800.0,2025-06-11,Bank Transfer
885,633,5,800.0,2025-07-11,Card
886,633,5,800.0,2025-08-10,Card
887,633,5,800.0,2025-09-09,Card
888,633,5,800.0,2025-10-09,Card
889,634,4,3200.0,2025-01-16,Bank Transfer
890,635,5,800.0,2025-10-20,Bank Transfer
891,635,5,800.0,2025-11-19,Card
892,635,5,800.0,2025-12-19,Card
893,636,1,25.0,2025-08-29,Bank Transfer
894,637,2,100.0,2025-10-16,Card
895,638,5,800.0,2025-03-18,Cash
896,638,5,800.0,2025-04-17,Card
897,638,5,800.0,2025-05-17,Card
898,638,5,800.0,2025-06-16,Card
899,638,5,800.0,2025-07-16,Card
900,638,5,800.0,2025-08-15,Card
901,639,1,25.0,2025-06-03,Card
902,640,1,25.0,2025-09-20,Cash
903,641,2,100.0,2025-08-19,Bank Transfer
904,642,2,100.0,2025-10-19,Card
905,643,1,25.0,2025-07-31,Bank Transfer
906,644,3,300.0,2025-04-07,Bank Transfer
907,644,3,300.0,2025-05-07,Card
908,645,1,25.0,2025-10-29,Card
909,646,1,25.0,2025-04-03,Card
910,647,1,25.0,2025-04-01,Card
911,648,1,25.0,2025-03-08,Card
912,649,3,300.0,2025-01-08,Bank Transfer
913,650,3,300.0,2025-02-01,Card
914,650,3,300.0,2025-03-03,Card
915,651,5,800.0,2025-05-04,Card
916,652,7,500.0,2025-11-01,Bank Transfer
917,653,1,25.0,2025-06-17,Card
918,654,6,8500.0,2025-01-05,Card
919,655,7,500.0,2025-09-28,Card
920,656,1,25.0,2025-05-10,Card
921,657,3,300.0,2025-06-08,Card
922,657,3,300.0,2025-07-08,Card
923,658,5,800.0,2025-05-03,Bank Transfer
924,659,5,800.0,2025-10-26,Card
925,659,5,800.0,2025-11-25,Card
926,659,5,800.0,2025-12-25,Card
927,660,6,8500.0,2025-11-03,Cash
928,661,3,300.0,2025-04-23,Bank Transfer
929,661,3,300.0,2025-05-23,Card
930,661,3,300.0,2025-06-22,Card
931,662,2,100.0,2025-09-10,Card
932,663,6,8500.0,2025-06-06,Card
933,664,3,300.0,2025-03-23,Card
934,665,1,25.0,2025-04-24,Bank Transfer
935,666,1,25.0,2025-09-05,Card
936,667,3,300.0,2025-09-05,Bank Transfer
937,667,3,300.0,2025-10-05,Card
938,667,3,300.0,2025-11-04,Card
939,668,3,300.0,2025-09-30,Card
940,668,3,300.0,2025-10-30,Card
941,668,3,300.0,2025-11-29,Card
942,668,3,300.0,2025-12-29,Card
943,669,1,25.0,2025-03-19,Card
944,670,1,25.0,2025-08-22,Card
945,671,7,500.0,2025-08-04,Card
946,672,3,300.0,2025-07-02,Cash
947,673,1,25.0,2025-05-14,Card
948,674,4,3200.0,2025-11-15,Card
949,675,5,800.0,2025-10-17,Card
950,675,5,800.0,2025-11-16,Card
951,675,5,800.0,2025-12-16,Card
952,676,2,100.0,2025-03-21,Bank Transfer
953,677,6,8500.0,2025-03-14,Card
954,678,1,25.0,2025-02-21,Card
955,679,1,25.0,2025-07-16,Bank Transfer
956,680,3,300.0,2025-01-14,Card
957,681,1,25.0,2025-02-03,Card
958,682,1,25.0,2025-10-07,Bank Transfer
959,683,4,3200.0,2025-10-05,Card
960,684,1,25.0,2025-07-05,Cash
961,685,3,300.0,2025-09-09,Cash
962,685,3,300.0,2025-10-09,Card
963,686,7,500.0,2025-11-11,Card
964,687,2,100.0,2025-09-18,Card
965,688,2,100.0,2025-04-05,Cash
966,689,2,100.0,2025-08-17,Cash
967,690,3,300.0,2025-02-12,Card
968,690,3,300.0,2025-03-14,Card
969,691,1,25.0,2025-06-10,Cash
970,692,3,300.0,2025-10-12,Cash
971,692,3,300.0,2025-11-11,Card
972,693,1,25.0,2025-02-14,Card
973,694,2,100.0,2025-05-31,Card
974,695,2,100.0,2025-11-13,Card
975,696,5,800.0,2025-06-25,Cash
976,696,5,800.0,2025-07-25,Card
977,696,5,800.0,2025-08-24,Card
978,697,1,25.0,2025-05-19,Cash
979,698,3,300.0,2025-09-18,Cash
980,698,3,300.0,2025-10-18,Card
981,698,3,300.0,2025-11-17,Card
982,699,1,25.0,2025-05-08,Card
983,700,3,300.0,2025-02-28,Card
984,700,3,300.0,2025-03-30,Card
985,701,5,800.0,2025-05-19,Bank Transfer
986,702,6,8500.0,2025-06-05,Card
987,703,1,25.0,2025-09-21,Cash
988,704,1,25.0,2025-05-10,Cash
989,705,3,300.0,2025-03-25,Card
990,705,3,300.0,2025-04-24,Card
991,706,5,800.0,2025-02-19,Card
992,706,5,800.0,2025-03-21,Card
993,706,5,800.0,2025-04-20,Card
994,706,5,800.0,2025-05-20,Card
995,707,4,3200.0,2025-05-28,Cash
996,708,2,100.0,2025-05-08,Cash
997,709,2,100.0,2025-09-22,Card
998,709,2,100.0,2025-09-29,Card
999,710,1,25.0,2025-10-23,Bank Transfer
1000,711,3,300.0,2025-01-24,Card
1001,711,3,300.0,2025-02-23,Card
1002,711,3,300.0,2025-03-25,Card
1003,712,6,8500.0,2025-02-06,Cash
1004,713,1,25.0,2025-09-09,Card
1005,714,1,25.0,2025-11-26,Card
1006,715,3,300.0,2025-11-18,Card
1007,716,1,25.0,2025-09-23,Cash
1008,717,3,300.0,2025-07-16,Card
1009,717,3,300.0,2025-08-15,Card
1010,717,3,300.0,2025-09-14,Card
1011,718,1,25.0,2025-05-28,Card
1012,719,1,25.0,2025-02-12,Card
1013,720,1,25.0,2025-02-15,Card
1014,721,1,25.0,2025-01-06,Bank Transfer
1015,722,1,25.0,2025-04-18,Card
1016,723,7,500.0,2025-07-22,Bank Transfer
1017,724,6,8500.0,2025-08-09,Bank Transfer
1018,725,1,25.0,2025-02-11,Card
1019,726,1,25.0,2025-02-20,Card
1020,727,3,300.0,2025-11-05,Bank Transfer
1021,727,3,300.0,2025-12-05,Card
1022,728,2,100.0,2025-05-21,Card
1023,728,2,100.0,2025-05-28,Card
1024,729,2,100.0,2025-02-14,Card
1025,730,3,300.0,2025-08-19,Bank Transfer
1026,730,3,300.0,2025-09-18,Card
1027,730,3,300.0,2025-10-18,Card
1028,730,3,300.0,2025-11-17,Card
1029,731,1,25.0,2025-06-11,Card
1030,732,1,25.0,2025-06-01,Card
1031,733,3,300.0,2025-03-17,Bank Transfer
1032,733,3,300.0,2025-04-16,Card
1033,733,3,300.0,2025-05-16,Card
1034,733,3,300.0,2025-06-15,Card
1035,734,1,25.0,2025-11-06,Card
1036,735,3,300.0,2025-06-11,Card
1037,735,3,300.0,2025-07-11,Card
1038,736,1,25.0,2025-03-21,Cash
1039,737,1,25.0,2025-03-08,Bank Transfer
1040,738,1,25.0,2025-11-15,Card
1041,739,4,3200.0,2025-11-29,Cash
1042,740,5,800.0,2025-11-25,Card
1043,740,5,800.0,2025-12-25,Card
1044,741,3,300.0,2025-11-05,Card
1045,741,3,300.0,2025-12-05,Card
1046,742,1,25.0,2025-09-03,Cash
1047,743,2,100.0,2025-07-30,Cash
1048,743,2,100.0,2025-08-06,Card
1049,744,1,25.0,2025-03-11,Card
1050,745,1,25.0,2025-09-10,Card
1051,746,7,500.0,2025-04-28,Card
1052,747,5,800.0,2025-05-19,Card
1053,747,5,800.0,2025-06-18,Card
1054,747,5,800.0,2025-07-18,Card
1055,747,5,800.0,2025-08-17,Card
1056,747,5,800.0,2025-09-16,Card
1057,748,1,25.0,2025-06-12,Cash
1058,749,2,100.0,2025-11-17,Card
1059,750,2,100.0,2025-05-01,Bank Transfer
1060,751,3,300.0,2025-10-29,Card
1061,751,3,300.0,2025-11-28,Card
1062,752,1,25.0,2025-10-10,Bank Transfer
1063,753,3,300.0,2025-10-02,Bank Transfer
1064,753,3,300.0,2025-11-01,Card
1065,754,6,8500.0,2025-11-14,Bank Transfer
1066,755,2,100.0,2025-10-04,Bank Transfer
1067,755,2,100.0,2025-10-11,Card
1068,756,2,100.0,2025-01-29,Card
1069,757,2,100.0,2025-05-02,Bank Transfer
1070,758,2,100.0,2025-11-06,Cash
1071,759,3,300.0,2025-10-22,Cash
1072,759,3,300.0,2025-11-21,Card
1073,760,7,500.0,2025-01-14,Card
1074,761,1,25.0,2025-06-06,Card
1075,762,1,25.0,2025-10-09,Cash
1076,763,1,25.0,2025-01-09,Card
1077,764,3,300.0,2025-10-27,Card
1078,765,1,25.0,2025-06-26,Bank Transfer
1079,766,1,25.0,2025-08-26,Bank Transfer
1080,767,1,25.0,2025-08-04,Card
1081,768,6,8500.0,2025-03-09,Card
1082,769,2,100.0,2025-08-01,Card
1083,770,6,8500.0,2025-03-16,Bank Transfer
1084,771,1,25.0,2025-11-30,Bank Transfer
1085,772,3,300.0,2025-03-12,Bank Transfer
1086,773,1,25.0,2025-03-08,Card
1087,774,2,100.0,2025-01-08,Cash
1088,775,7,500.0,2025-05-15,Card
1089,776,3,300.0,2025-10-20,Cash
1090,776,3,300.0,2025-11-19,Card
1091,776,3,300.0,2025-12-19,Card
1092,777,4,3200.0,2025-09-29,Card
1093,778,5,800.0,2025-05-29,Card
1094,778,5,800.0,2025-06-28,Card
1095,779,7,500.0,2025-01-07,Card
1096,780,3,300.0,2025-04-06,Card
1097,780,3,300.0,2025-05-06,Card
1098,780,3,300.0,2025-06-05,Card
1099,781,1,25.0,2025-07-11,Card
1100,782,6,8500.0,2025-11-30,Bank Transfer
1101,783,3,300.0,2025-11-23,Bank Transfer
1102,783,3,300.0,2025-12-23,Card
1103,784,7,500.0,2025-09-10,Card
1104,785,3,300.0,2025-05-27,Card
1105,786,1,25.0,2025-04-16,Bank Transfer
1106,787,2,100.0,2025-11-03,Card
1107,788,1,25.0,2025-04-16,Card
1108,789,1,25.0,2025-08-07,Bank Transfer
1109,790,1,25.0,2025-09-29,Card
1110,791,1,25.0,2025-11-01,Cash
1111,792,3,300.0,2025-06-25,Cash
1112,792,3,300.0,2025-07-25,Card
1113,793,5,800.0,2025-01-24,Card
1114,793,5,800.0,2025-02-23,Card
1115,793,5,800.0,2025-03-25,Card
1116,793,5,800.0,2025-04-24,Card
1117,793,5,800.0,2025-05-24,Card
1118,793,5,800.0,2025-06-23,Card
1119,794,7,500.0,2025-05-13,Cash
1120,795,1,25.0,2025-07-30,Cash
1121,796,5,800.0,2025-07-11,Card
1122,796,5,800.0,2025-08-10,Card
1123,797,2,100.0,2025-04-12,Bank Transfer
1124,798,2,100.0,2025-03-07,Cash
1125,799,7,500.0,2025-11-02,Card
1126,800,1,25.0,2025-03-25,Card
1127,801,1,25.0,2025-11-10,Cash
1128,802,3,300.0,2025-02-03,Card
1129,803,2,100.0,2025-08-31,Cash
1130,804,2,100.0,2025-08-24,Card
1131,805,3,300.0,2025-02-02,Bank Transfer
1132,805,3,300.0,2025-03-04,Card
1133,806,2,100.0,2025-03-09,Cash
1134,806,2,100.0,2025-03-16,Card
1135,807,1,25.0,2025-07-26,Cash
1136,808,3,300.0,2025-06-16,Card
1137,808,3,300.0,2025-07-16,Card
1138,808,3,300.0,2025-08-15,Card
1139,808,3,300.0,2025-09-14,Card
1140,809,2,100.0,2025-06-24,Card
1141,810,6,8500.0,2025-08-18,Card
1142,811,5,800.0,2025-03-25,Card
1143,811,5,800.0,2025-04-24,Card
1144,812,1,25.0,2025-04-16,Card
1145,813,2,100.0,2025-01-02,Card
1146,814,1,25.0,2025-06-25,Cash
1147,815,5,800.0,2025-09-08,Cash
1148,815,5,800.0,2025-10-08,Card
1149,815,5,800.0,2025-11-07,Card
1150,816,3,300.0,2025-09-25,Card
1151,816,3,300.0,2025-10-25,Card
1152,817,3,300.0,2025-04-19,Cash
1153,817,3,300.0,2025-05-19,Card
1154,817,3,300.0,2025-06-18,Card
1155,817,3,300.0,2025-07-18,Card
1156,818,1,25.0,2025-04-22,Card
1157,819,5,800.0,2025-02-11,Card
1158,819,5,800.0,2025-03-13,Card
1159,819,5,800.0,2025-04-12,Card
1160,820,5,800.0,2025-03-02,Cash
1161,821,5,800.0,2025-06-09,Bank Transfer
1162,821,5,800.0,2025-07-09,Card
1163,821,5,800.0,2025-08-08,Card
1164,822,1,25.0,2025-06-01,Bank Transfer
1165,823,2,100.0,2025-06-23,Cash
1166,824,3,300.0,2025-01-31,Card
1167,824,3,300.0,2025-03-02,Card
1168,824,3,300.0,2025-04-01,Card
1169,825,1,25.0,2025-09-04,Card
1170,826,6,8500.0,2025-07-18,Card
1171,827,3,300.0,2025-07-27,Card
1172,827,3,300.0,2025-08-26,Card
1173,827,3,300.0,2025-09-25,Card
1174,828,5,800.0,2025-06-17,Cash
1175,828,5,800.0,2025-07-17,Card
1176,828,5,800.0,2025-08-16,Card
1177,828,5,800.0,2025-09-15,Card
1178,829,5,800.0,2025-10-29,Cash
1179,830,2,100.0,2025-05-25,Card
1180,831,1,25.0,2025-06-20,Card
1181,832,5,800.0,2025-10-26,Card
1182,832,5,800.0,2025-11-25,Card
1183,832,5,800.0,2025-12-25,Card
1184,833,1,25.0,2025-07-28,Card
1185,834,1,25.0,2025-05-31,Bank Transfer
1186,835,7,500.0,2025-08-18,Bank Transfer
1187,836,3,300.0,2025-11-17,Card
1188,836,3,300.0,2025-12-17,Card
1189,837,1,25.0,2025-11-25,Card
1190,838,3,300.0,2025-03-06,Bank Transfer
1191,838,3,300.0,2025-04-05,Card
1192,838,3,300.0,2025-05-05,Card
1193,838,3,300.0,2025-06-04,Card
1194,838,3,300.0,2025-07-04,Card
1195,839,6,8500.0,2025-03-25,Bank Transfer
1196,840,6,8500.0,2025-08-12,Bank Transfer
1197,841,2,100.0,2025-05-31,Bank Transfer
1198,841,2,100.0,2025-06-07,Card
1199,842,4,3200.0,2025-07-09,Card
1200,843,2,100.0,2025-06-23,Cash
1201,844,2,100.0,2025-08-07,Cash
1202,845,3,300.0,2025-04-28,Card
1203,846,6,8500.0,2025-10-16,Card
1204,847,1,25.0,2025-02-12,Card
1205,848,1,25.0,2025-09-18,Card
1206,849,5,800.0,2025-05-16,Bank Transfer
1207,849,5,800.0,2025-06-15,Card
1208,850,1,25.0,2025-02-25,Bank Transfer
1209,851,5,800.0,2025-07-27,Card
1210,851,5,800.0,2025-08-26,Card
1211,851,5,800.0,2025-09-25,Card
1212,851,5,800.0,2025-10-25,Card
1213,851,5,800.0,2025-11-24,Card
1214,851,5,800.0,2025-12-24,Card
1215,852,2,100.0,2025-09-16,Cash
1216,853,1,25.0,2025-03-04,Card
1217,854,7,500.0,2025-04-24,Card
1218,855,1,25.0,2025-03-04,Card
1219,856,7,500.0,2025-08-13,Card
1220,857,1,25.0,2025-08-28,Card
1221,858,3,300.0,2025-01-28,Card
1222,858,3,300.0,2025-02-27,Card
1223,859,6,8500.0,2025-03-18,Card
1224,860,5,800.0,2025-10-08,Card
1225,860,5,800.0,2025-11-07,Card
1226,860,5,800.0,2025-12-07,Card
1227,861,1,25.0,2025-03-08,Cash
1228,862,2,100.0,2025-07-18,Card
1229,863,1,25.0,2025-05-27,Bank Transfer
1230,864,1,25.0,2025-11-25,Card
1231,865,1,25.0,2025-07-01,Cash
1232,866,4,3200.0,2025-05-26,Card
1233,867,3,300.0,2025-04-09,Cash
1234,867,3,300.0,2025-05-09,Card
1235,867,3,300.0,2025-06-08,Card
1236,867,3,300.0,2025-07-08,Card
1237,868,1,25.0,2025-07-14,Bank Transfer
1238,869,1,25.0,2025-09-01,Card
1239,870,2,100.0,2025-08-20,Cash
1240,871,6,8500.0,2025-04-12,Cash
1241,872,1,25.0,2025-08-14,Bank Transfer
1242,873,6,8500.0,2025-02-05,Bank Transfer
1243,874,1,25.0,2025-10-25,Cash
1244,875,2,100.0,2025-10-20,Cash
1245,876,1,25.0,2025-09-08,Card
1246,877,1,25.0,2025-04-05,Cash
1247,878,1,25.0,2025-06-12,Card
1248,879,1,25.0,2025-11-07,Cash
1249,880,5,800.0,2025-07-16,Card
1250,881,2,100.0,2025-02-26,Card
1251,882,1,25.0,2025-10-31,Card
1252,883,5,800.0,2025-04-25,Cash
1253,883,5,800.0,2025-05-25,Card
1254,883,5,800.0,2025-06-24,Card
1255,884,1,25.0,2025-10-30,Cash
1256,885,2,100.0,2025-01-10,Card
1257,886,2,100.0,2025-09-02,Cash
1258,887,1,25.0,2025-07-01,Card
1259,888,2,100.0,2025-05-12,Card
1260,889,3,300.0,2025-04-19,Bank Transfer
1261,890,3,300.0,2025-08-20,Card
1262,890,3,300.0,2025-09-19,Card
1263,890,3,300.0,2025-10-19,Card
1264,890,3,300.0,2025-11-18,Card
1265,890,3,300.0,2025-12-18,Card
1266,891,3,300.0,2025-06-30,Cash
1267,892,3,300.0,2025-10-10,Cash
1268,893,3,300.0,2025-05-12,Card
1269,893,3,300.0,2025-06-11,Card
1270,893,3,300.0,2025-07-11,Card
1271,893,3,300.0,2025-08-10,Card
1272,894,1,25.0,2025-02-01,Cash
1273,895,1,25.0,2025-10-03,Bank Transfer
1274,896,2,100.0,2025-04-20,Bank Transfer
1275,897,1,25.0,2025-02-14,Card
1276,898,1,25.0,2025-08-12,Bank Transfer
1277,899,5,800.0,2025-04-22,Card
1278,899,5,800.0,2025-05-22,Card
1279,899,5,800.0,2025-06-21,Card
1280,900,3,300.0,2025-01-06,Card
1281,901,3,300.0,2025-10-14,Card
1282,901,3,300.0,2025-11-13,Card
1283,901,3,300.0,2025-12-13,Card
1284,902,7,500.0,2025-08-06,Bank Transfer
1285,903,5,800.0,2025-08-12,Card
1286,903,5,800.0,2025-09-11,Card
1287,903,5,800.0,2025-10-11,Card
1288,903,5,800.0,2025-11-10,Card
1289,904,2,100.0,2025-09-20,Card
1290,905,3,300.0,2025-03-19,Bank Transfer
1291,905,3,300.0,2025-04-18,Card
1292,905,3,300.0,2025-05-18,Card
1293,905,3,300.0,2025-06-17,Card
1294,906,1,25.0,2025-08-05,Cash
1295,907,1,25.0,2025-05-12,Cash
1296,908,3,300.0,2025-04-02,Card
1297,908,3,300.0,2025-05-02,Card
1298,908,3,300.0,2025-06-01,Card
1299,908,3,300.0,2025-07-01,Card
1300,909,2,100.0,2025-11-28,Bank Transfer
1301,910,5,800.0,2025-02-27,Card
1302,911,3,300.0,2025-05-15,Card
1303,912,1,25.0,2025-04-04,Card
1304,913,2,100.0,2025-03-06,Card
1305,914,2,100.0,2025-01-01,Card
1306,915,3,300.0,2025-06-10,Card
1307,915,3,300.0,2025-07-10,Card
1308,915,3,300.0,2025-08-09,Card
1309,915,3,300.0,2025-09-08,Card
1310,916,4,3200.0,2025-06-16,Bank Transfer
1311,917,2,100.0,2025-11-23,Cash
1312,918,3,300.0,2025-04-19,Card
1313,918,3,300.0,2025-05-19,Card
1314,918,3,300.0,2025-06-18,Card
1315,919,7,500.0,2025-10-01,Bank Transfer
1316,920,5,800.0,2025-10-20,Card
1317,920,5,800.0,2025-11-19,Card
1318,921,3,300.0,2025-02-05,Cash
1319,921,3,300.0,2025-03-07,Card
1320,922,4,3200.0,2025-05-17,Card
1321,923,2,100.0,2025-05-30,Card
1322,924,1,25.0,2025-06-05,Cash
1323,925,1,25.0,2025-06-30,Bank Transfer
1324,926,3,300.0,2025-02-15,Card
1325,926,3,300.0,2025-03-17,Card
1326,926,3,300.0,2025-04-16,Card
1327,927,1,25.0,2025-01-19,Card
1328,928,1,25.0,2025-06-16,Bank Transfer
1329,929,3,300.0,2025-01-09,Bank Transfer
1330,929,3,300.0,2025-02-08,Card
1331,929,3,300.0,2025-03-10,Card
1332,930,1,25.0,2025-07-27,Card
1333,931,1,25.0,2025-04-11,Bank Transfer
1334,932,3,300.0,2025-02-21,Bank Transfer
1335,932,3,300.0,2025-03-23,Card
1336,932,3,300.0,2025-04-22,Card
1337,932,3,300.0,2025-05-22,Card
1338,932,3,300.0,2025-06-21,Card
1339,933,5,800.0,2025-09-03,Cash
1340,934,7,500.0,2025-04-26,Cash
1341,935,5,800.0,2025-06-12,Cash
1342,935,5,800.0,2025-07-12,Card
1343,935,5,800.0,2025-08-11,Card
1344,935,5,800.0,2025-09-10,Card
1345,935,5,800.0,2025-10-10,Card
1346,935,5,800.0,2025-11-09,Card
1347,935,5,800.0,2025-12-09,Card
1348,936,3,300.0,2025-10-06,Card
1349,936,3,300.0,2025-11-05,Card
1350,936,3,300.0,2025-12-05,Card
1351,937,5,800.0,2025-02-17,Bank Transfer
1352,937,5,800.0,2025-03-19,Card
1353,937,5,800.0,2025-04-18,Card
1354,938,1,25.0,2025-05-15,Bank Transfer
1355,939,1,25.0,2025-04-25,Card
1356,940,4,3200.0,2025-01-11,Card
1357,941,3,300.0,2025-04-04,Cash
1358,941,3,300.0,2025-05-04,Card
1359,941,3,300.0,2025-06-03,Card
1360,941,3,300.0,2025-07-03,Card
1361,942,2,100.0,2025-02-05,Card
1362,943,3,300.0,2025-06-08,Bank Transfer
1363,943,3,300.0,2025-07-08,Card
1364,943,3,300.0,2025-08-07,Card
1365,943,3,300.0,2025-09-06,Card
1366,944,7,500.0,2025-10-28,Card
1367,945,3,300.0,2025-01-31,Card
1368,945,3,300.0,2025-03-02,Card
1369,946,1,25.0,2025-03-31,Bank Transfer
1370,947,4,3200.0,2025-10-23,Cash
1371,948,3,300.0,2025-08-09,Bank Transfer
1372,949,1,25.0,2025-10-21,Card
1373,950,3,300.0,2025-03-18,Card
1374,951,1,25.0,2025-10-02,Card
1375,952,1,25.0,2025-07-29,Bank Transfer
1376,953,1,25.0,2025-08-30,Card
1377,954,4,3200.0,2025-05-17,Card
1378,955,3,300.0,2025-09-13,Cash
1379,955,3,300.0,2025-10-13,Card
1380,955,3,300.0,2025-11-12,Card
1381,956,3,300.0,2025-08-10,Cash
1382,956,3,300.0,2025-09-09,Card
1383,956,3,300.0,2025-10-09,Card
1384,956,3,300.0,2025-11-08,Card
1385,956,3,300.0,2025-12-08,Card
1386,957,2,100.0,2025-04-06,Card
1387,958,1,25.0,2025-02-13,Bank Transfer
1388,959,1,25.0,2025-04-28,Cash
1389,960,2,100.0,2025-09-22,Cash
1390,961,1,25.0,2025-07-28,Card
1391,962,1,25.0,2025-05-22,Card
1392,963,1,25.0,2025-02-20,Bank Transfer
1393,964,1,25.0,2025-08-08,Card
1394,965,2,100.0,2025-10-09,Cash
1395,965,2,100.0,2025-10-16,Card
1396,966,2,100.0,2025-03-14,Cash
1397,967,5,800.0,2025-08-27,Card
1398,967,5,800.0,2025-09-26,Card
1399,968,6,8500.0,2025-02-17,Card
1400,969,1,25.0,2025-09-26,Card
1401,970,2,100.0,2025-04-22,Card
1402,971,6,8500.0,2025-04-08,Card
1403,972,2,100.0,2025-06-05,Bank Transfer
1404,973,5,800.0,2025-05-16,Cash
1405,973,5,800.0,2025-06-15,Card
1406,973,5,800.0,2025-07-15,Card
1407,973,5,800.0,2025-08-14,Card
1408,974,4,3200.0,2025-11-06,Card
1409,975,1,25.0,2025-06-02,Cash
1410,976,2,100.0,2025-04-02,Cash
1411,977,1,25.0,2025-01-16,Card
1412,978,1,25.0,2025-06-08,Card
1413,979,1,25.0,2025-11-09,Bank Transfer
1414,980,1,25.0,2025-10-25,Bank Transfer
1415,981,2,100.0,2025-07-26,Card
1416,982,1,25.0,2025-10-02,Card
1417,983,3,300.0,2025-09-13,Card
1418,983,3,300.0,2025-10-13,Card
1419,984,1,25.0,2025-07-13,Card
1420,985,1,25.0,2025-06-27,Cash
1421,986,1,25.0,2025-09-10,Bank Transfer
1422,987,2,100.0,2025-11-18,Cash
1423,988,3,300.0,2025-05-09,Card
1424,988,3,300.0,2025-06-08,Card
1425,988,3,300.0,2025-07-08,Card
1426,988,3,300.0,2025-08-07,Card
1427,988,3,300.0,2025-09-06,Card
1428,989,3,300.0,2025-02-13,Card
1429,989,3,300.0,2025-03-15,Card
1430,989,3,300.0,2025-04-14,Card
1431,990,1,25.0,2025-07-08,Card
1432,991,3,300.0,2025-06-30,Card
1433,991,3,300.0,2025-07-30,Card
1434,992,2,100.0,2025-10-31,Cash
1435,993,4,3200.0,2025-08-06,Card
1436,994,2,100.0,2025-05-09,Card
1437,995,2,100.0,2025-05-15,Card
1438,996,1,25.0,2025-07-06,Cash
1439,997,2,100.0,2025-02-26,Card
1440,998,6,8500.0,2025-10-07,Bank Transfer
1441,999,1,25.0,2025-06-29,Bank Transfer
1442,1000,3,300.0,2025-11-12,Cash
1443,1001,3,300.0,2025-10-15,Bank Transfer
1444,1001,3,300.0,2025-11-14,Card
1445,1002,6,8500.0,2025-01-20,Cash
1446,1003,1,25.0,2025-08-01,Bank Transfer
1447,1004,1,25.0,2025-05-24,Cash
1448,1005,3,300.0,2025-04-11,Bank Transfer
1449,1005,3,300.0,2025-05-11,Card
1450,1005,3,300.0,2025-06-10,Card
1451,1005,3,300.0,2025-07-10,Card
1452,1006,1,25.0,2025-07-20,Card
1453,1007,2,100.0,2025-07-24,Bank Transfer
1454,1008,5,800.0,2025-05-25,Cash
1455,1008,5,800.0,2025-06-24,Card
1456,1008,5,800.0,2025-07-24,Card
1457,1008,5,800.0,2025-08-23,Card
1458,1008,5,800.0,2025-09-22,Card
1459,1008,5,800.0,2025-10-22,Card
1460,1009,2,100.0,2025-10-20,Card
1461,1010,1,25.0,2025-05-01,Card
1462,1011,7,500.0,2025-01-21,Card
1463,1012,1,25.0,2025-10-19,Bank Transfer
1464,1013,1,25.0,2025-11-22,Bank Transfer
1465,1014,1,25.0,2025-04-29,Card
1466,1015,1,25.0,2025-02-02,Cash
1467,1016,1,25.0,2025-02-20,Card
1468,1017,5,800.0,2025-05-28,Bank Transfer
1469,1017,5,800.0,2025-06-27,Card
1470,1017,5,800.0,2025-07-27,Card
1471,1017,5,800.0,2025-08-26,Card
1472,1017,5,800.0,2025-09-25,Card
1473,1018,5,800.0,2025-02-17,Card
1474,1018,5,800.0,2025-03-19,Card
1475,1019,7,500.0,2025-11-20,Cash
1476,1020,2,100.0,2025-09-01,Card
1477,1021,5,800.0,2025-05-22,Card
1478,1021,5,800.0,2025-06-21,Card
1479,1021,5,800.0,2025-07-21,Card
1480,1022,3,300.0,2025-10-02,Card
1481,1022,3,300.0,2025-11-01,Card
1482,1023,5,800.0,2025-03-28,Card
1483,1023,5,800.0,2025-04-27,Card
1484,1023,5,800.0,2025-05-27,Card
1485,1023,5,800.0,2025-06-26,Card
1486,1024,1,25.0,2025-11-10,Card
1487,1025,2,100.0,2025-05-24,Bank Transfer
1488,1026,3,300.0,2025-09-12,Bank Transfer
1489,1026,3,300.0,2025-10-12,Card
1490,1026,3,300.0,2025-11-11,Card
1491,1027,6,8500.0,2025-04-07,Card
1492,1028,5,800.0,2025-09-24,Card
1493,1028,5,800.0,2025-10-24,Card
1494,1028,5,800.0,2025-11-23,Card
1495,1028,5,800.0,2025-12-23,Card
1496,1029,1,25.0,2025-03-06,Card
1497,1030,1,25.0,2025-05-12,Card
1498,1031,4,3200.0,2025-11-29,Bank Transfer
1499,1032,1,25.0,2025-04-10,Card
1500,1033,2,100.0,2025-10-12,Card
1501,1034,6,8500.0,2025-09-26,Cash
1502,1035,6,8500.0,2025-02-12,Cash
1503,1036,1,25.0,2025-09-12,Card
1504,1037,1,25.0,2025-01-10,Bank Transfer
1505,1038,1,25.0,2025-06-18,Card
1506,1039,3,300.0,2025-05-04,Bank Transfer
1507,1039,3,300.0,2025-06-03,Card
1508,1039,3,300.0,2025-07-03,Card
1509,1039,3,300.0,2025-08-02,Card
1510,1040,3,300.0,2025-08-10,Card
1511,1040,3,300.0,2025-09-09,Card
1512,1041,1,25.0,2025-08-31,Cash
1513,1042,1,25.0,2025-05-30,Card
1514,1043,3,300.0,2025-02-02,Card
1515,1044,4,3200.0,2025-01-11,Cash
1516,1045,1,25.0,2025-03-23,Card
1517,1046,1,25.0,2025-09-01,Cash
1518,1047,6,8500.0,2025-04-21,Cash
1519,1048,2,100.0,2025-06-21,Cash
1520,1049,3,300.0,2025-07-16,Card
1521,1049,3,300.0,2025-08-15,Card
1522,1049,3,300.0,2025-09-14,Card
1523,1050,1,25.0,2025-03-23,Bank Transfer
1524,1051,2,100.0,2025-09-15,Bank Transfer
1525,1051,2,100.0,2025-09-22,Card
1526,1052,3,300.0,2025-09-25,Bank Transfer
1527,1052,3,300.0,2025-10-25,Card
1528,1052,3,300.0,2025-11-24,Card
1529,1053,1,25.0,2025-04-04,Card
1530,1054,1,25.0,2025-10-28,Cash
1531,1055,5,800.0,2025-11-14,Cash
1532,1056,1,25.0,2025-01-17,Card
1533,1057,1,25.0,2025-09-07,Card
1534,1058,5,800.0,2025-08-14,Bank Transfer
1535,1058,5,800.0,2025-09-13,Card
1536,1059,3,300.0,2025-11-08,Cash
1537,1059,3,300.0,2025-12-08,Card
1538,1060,2,100.0,2025-04-01,Card
1539,1061,1,25.0,2025-06-21,Cash
1540,1062,1,25.0,2025-10-22,Cash
1541,1063,4,3200.0,2025-01-06,Cash
1542,1064,2,100.0,2025-04-04,Bank Transfer
1543,1064,2,100.0,2025-04-11,Card
1544,1065,2,100.0,2025-05-30,Cash
1545,1066,3,300.0,2025-04-19,Card
1546,1066,3,300.0,2025-05-19,Card
1547,1066,3,300.0,2025-06-18,Card
1548,1066,3,300.0,2025-07-18,Card
1549,1066,3,300.0,2025-08-17,Card
1550,1067,1,25.0,2025-06-04,Cash
1551,1068,6,8500.0,2025-02-07,Card
1552,1069,6,8500.0,2025-11-25,Cash
1553,1070,5,800.0,2025-07-11,Bank Transfer
1554,1070,5,800.0,2025-08-10,Card
1555,1070,5,800.0,2025-09-09,Card
1556,1070,5,800.0,2025-10-09,Card
1557,1071,1,25.0,2025-03-12,Bank Transfer
1558,1072,4,3200.0,2025-01-31,Bank Transfer
1559,1073,5,800.0,2025-09-03,Card
1560,1073,5,800.0,2025-10-03,Card
1561,1073,5,800.0,2025-11-02,Card
1562,1073,5,800.0,2025-12-02,Card
1563,1074,1,25.0,2025-02-15,Card
1564,1075,3,300.0,2025-09-06,Card
1565,1076,3,300.0,2025-09-07,Bank Transfer
1566,1077,1,25.0,2025-01-22,Bank Transfer
1567,1078,7,500.0,2025-03-04,Card
1568,1079,5,800.0,2025-07-24,Bank Transfer
1569,1079,5,800.0,2025-08-23,Card
1570,1079,5,800.0,2025-09-22,Card
1571,1080,7,500.0,2025-08-30,Cash
1572,1081,4,3200.0,2025-08-13,Card
1573,1082,7,500.0,2025-02-25,Card
1574,1083,1,25.0,2025-09-16,Card
1575,1084,1,25.0,2025-11-20,Bank Transfer
1576,1085,1,25.0,2025-10-18,Bank Transfer
1577,1086,7,500.0,2025-05-20,Bank Transfer
1578,1087,1,25.0,2025-09-19,Bank Transfer
1579,1088,1,25.0,2025-11-26,Bank Transfer
1580,1089,1,25.0,2025-05-14,Cash
1581,1090,1,25.0,2025-09-30,Bank Transfer
1582,1091,3,300.0,2025-05-21,Card
1583,1091,3,300.0,2025-06-20,Card
1584,1092,2,100.0,2025-03-11,Card
1585,1093,1,25.0,2025-06-25,Card
1586,1094,5,800.0,2025-06-26,Cash
1587,1094,5,800.0,2025-07-26,Card
1588,1094,5,800.0,2025-08-25,Card
1589,1094,5,800.0,2025-09-24,Card
1590,1095,1,25.0,2025-11-05,Cash
1591,1096,7,500.0,2025-10-05,Bank Transfer
1592,1097,4,3200.0,2025-03-22,Bank Transfer
1593,1098,1,25.0,2025-04-02,Cash
1594,1099,1,25.0,2025-08-30,Bank Transfer
1595,1100,4,3200.0,2025-10-07,Bank Transfer
1596,1101,1,25.0,2025-02-08,Card
1597,1102,4,3200.0,2025-08-22,Card
1598,1103,3,300.0,2025-04-21,Card
1599,1103,3,300.0,2025-05-21,Card
1600,1104,5,800.0,2025-11-29,Card
1601,1104,5,800.0,2025-12-29,Card
1602,1105,1,25.0,2025-11-24,Card
1603,1106,1,25.0,2025-07-09,Card
1604,1107,1,25.0,2025-11-30,Card
1605,1108,3,300.0,2025-11-05,Card
1606,1109,1,25.0,2025-05-04,Card
1607,1110,1,25.0,2025-03-07,Card
1608,1111,3,300.0,2025-06-05,Bank Transfer
1609,1111,3,300.0,2025-07-05,Card
1610,1112,1,25.0,2025-01-06,Bank Transfer
1611,1113,1,25.0,2025-08-30,Card
1612,1114,2,100.0,2025-03-26,Cash
1613,1115,1,25.0,2025-04-02,Card
1614,1116,5,800.0,2025-10-14,Bank Transfer
1615,1117,3,300.0,2025-11-27,Cash
1616,1118,3,300.0,2025-01-14,Cash
1617,1118,3,300.0,2025-02-13,Card
1618,1118,3,300.0,2025-03-15,Card
1619,1119,4,3200.0,2025-06-02,Bank Transfer
1620,1120,1,25.0,2025-09-06,Bank Transfer
1621,1121,1,25.0,2025-06-23,Bank Transfer
1622,1122,3,300.0,2025-01-14,Card
1623,1122,3,300.0,2025-02-13,Card
1624,1122,3,300.0,2025-03-15,Card
1625,1123,6,8500.0,2025-10-10,Card
1626,1124,6,8500.0,2025-07-19,Card
1627,1125,1,25.0,2025-10-06,Card
1628,1126,1,25.0,2025-09-10,Card
1629,1127,2,100.0,2025-07-27,Card
1630,1128,3,300.0,2025-08-04,Card
1631,1128,3,300.0,2025-09-03,Card
1632,1128,3,300.0,2025-10-03,Card
1633,1129,5,800.0,2025-01-04,Cash
1634,1129,5,800.0,2025-02-03,Card
1635,1129,5,800.0,2025-03-05,Card
1636,1129,5,800.0,2025-04-04,Card
1637,1129,5,800.0,2025-05-04,Card
1638,1130,1,25.0,2025-06-22,Card
1639,1131,1,25.0,2025-05-23,Card
1640,1132,3,300.0,2025-04-22,Card
1641,1132,3,300.0,2025-05-22,Card
1642,1133,1,25.0,2025-11-11,Cash
1643,1134,3,300.0,2025-07-29,Bank Transfer
1644,1134,3,300.0,2025-08-28,Card
1645,1135,1,25.0,2025-11-23,Card
1646,1136,4,3200.0,2025-04-19,Bank Transfer
1647,1137,2,100.0,2025-07-13,Card
1648,1138,5,800.0,2025-02-20,Bank Transfer
1649,1138,5,800.0,2025-03-22,Card
1650,1138,5,800.0,2025-04-21,Card
1651,1138,5,800.0,2025-05-21,Card
1652,1139,3,300.0,2025-07-04,Card
1653,1140,4,3200.0,2025-03-24,Card
1654,1141,1,25.0,2025-09-16,Cash
1655,1142,3,300.0,2025-07-23,Card
1656,1143,1,25.0,2025-01-09,Card
1657,1144,2,100.0,2025-08-01,Bank Transfer
1658,1145,1,25.0,2025-04-29,Bank Transfer
1659,1146,3,300.0,2025-03-20,Cash
1660,1146,3,300.0,2025-04-19,Card
1661,1146,3,300.0,2025-05-19,Card
1662,1146,3,300.0,2025-06-18,Card
1663,1147,3,300.0,2025-05-28,Cash
1664,1147,3,300.0,2025-06-27,Card
1665,1148,5,800.0,2025-02-16,Bank Transfer
1666,1148,5,800.0,2025-03-18,Card
1667,1148,5,800.0,2025-04-17,Card
1668,1148,5,800.0,2025-05-17,Card
1669,1149,1,25.0,2025-02-28,Cash
1670,1150,2,100.0,2025-05-20,Card
1671,1151,7,500.0,2025-10-25,Bank Transfer
1672,1152,1,25.0,2025-02-17,Cash
1673,1153,2,100.0,2025-09-06,Card
1674,1153,2,100.0,2025-09-13,Card
1675,1154,1,25.0,2025-09-22,Card
1676,1155,3,300.0,2025-05-24,Bank Transfer
1677,1156,1,25.0,2025-08-27,Bank Transfer
1678,1157,3,300.0,2025-08-29,Card
1679,1157,3,300.0,2025-09-28,Card
1680,1157,3,300.0,2025-10-28,Card
1681,1157,3,300.0,2025-11-27,Card
1682,1158,3,300.0,2025-01-19,Card
1683,1158,3,300.0,2025-02-18,Card
1684,1158,3,300.0,2025-03-20,Card
1685,1159,1,25.0,2025-04-29,Card
1686,1160,6,8500.0,2025-01-28,Card
1687,1161,3,300.0,2025-01-03,Card
1688,1161,3,300.0,2025-02-02,Card
1689,1161,3,300.0,2025-03-04,Card
1690,1162,5,800.0,2025-10-01,Bank Transfer
1691,1162,5,800.0,2025-10-31,Card
1692,1163,5,800.0,2025-01-28,Bank Transfer
1693,1163,5,800.0,2025-02-27,Card
1694,1164,1,25.0,2025-02-03,Bank Transfer
1695,1165,3,300.0,2025-10-08,Cash
1696,1165,3,300.0,2025-11-07,Card
1697,1165,3,300.0,2025-12-07,Card
1698,1166,3,300.0,2025-11-24,Cash
1699,1166,3,300.0,2025-12-24,Card
1700,1167,1,25.0,2025-11-05,Card
1701,1168,7,500.0,2025-09-16,Cash
1702,1169,6,8500.0,2025-03-24,Card
1703,1170,3,300.0,2025-09-21,Bank Transfer
1704,1171,3,300.0,2025-10-05,Cash
1705,1171,3,300.0,2025-11-04,Card
1706,1171,3,300.0,2025-12-04,Card
1707,1172,6,8500.0,2025-02-01,Cash
1708,1173,2,100.0,2025-01-21,Cash
1709,1174,4,3200.0,2025-02-22,Cash
1710,1175,1,25.0,2025-08-30,Card
1711,1176,3,300.0,2025-08-07,Card
1712,1176,3,300.0,2025-09-06,Card
1713,1176,3,300.0,2025-10-06,Card
1714,1176,3,300.0,2025-11-05,Card
1715,1177,5,800.0,2025-06-21,Card
1716,1178,4,3200.0,2025-02-10,Bank Transfer
1717,1179,3,300.0,2025-09-27,Card
1718,1179,3,300.0,2025-10-27,Card
1719,1180,3,300.0,2025-06-20,Card
1720,1181,3,300.0,2025-02-07,Cash
1721,1182,3,300.0,2025-03-21,Card
1722,1182,3,300.0,2025-04-20,Card
1723,1183,6,8500.0,2025-11-26,Bank Transfer
1724,1184,7,500.0,2025-07-31,Card
1725,1185,1,25.0,2025-03-20,Card
1726,1186,3,300.0,2025-06-12,Bank Transfer
1727,1186,3,300.0,2025-07-12,Card
1728,1186,3,300.0,2025-08-11,Card
1729,1186,3,300.0,2025-09-10,Card
1730,1186,3,300.0,2025-10-10,Card
1731,1187,1,25.0,2025-08-21,Cash
1732,1188,3,300.0,2025-06-05,Bank Transfer
1733,1188,3,300.0,2025-07-05,Card
1734,1189,1,25.0,2025-05-26,Card
1735,1190,5,800.0,2025-07-18,Card
1736,1190,5,800.0,2025-08-17,Card
1737,1190,5,800.0,2025-09-16,Card
1738,1191,3,300.0,2025-06-02,Bank Transfer
1739,1191,3,300.0,2025-07-02,Card
1740,1191,3,300.0,2025-08-01,Card
1741,1192,3,300.0,2025-02-03,Card
1742,1193,2,100.0,2025-04-25,Cash
1743,1194,1,25.0,2025-05-13,Card
1744,1195,3,300.0,2025-01-14,Card
1745,1196,1,25.0,2025-07-06,Cash
1746,1197,6,8500.0,2025-10-22,Cash
1747,1198,1,25.0,2025-09-11,Card
1748,1199,1,25.0,2025-07-20,Cash
1749,1200,3,300.0,2025-04-07,Card
1750,1201,6,8500.0,2025-09-04,Cash
1751,1202,1,25.0,2025-03-08,Card
1752,1203,5,800.0,2025-05-19,Card
1753,1203,5,800.0,2025-06-18,Card
1754,1204,5,800.0,2025-03-21,Card
1755,1204,5,800.0,2025-04-20,Card
1756,1204,5,800.0,2025-05-20,Card
1757,1204,5,800.0,2025-06-19,Card
1758,1205,3,300.0,2025-03-17,Card
1759,1206,1,25.0,2025-03-09,Cash
1760,1207,3,300.0,2025-02-01,Cash
1761,1208,2,100.0,2025-04-08,Card
1762,1209,2,100.0,2025-06-22,Card
1763,1210,7,500.0,2025-01-15,Cash
1764,1211,3,300.0,2025-07-28,Cash
1765,1212,2,100.0,2025-01-17,Card
1766,1213,5,800.0,2025-03-16,Bank Transfer
1767,1213,5,800.0,2025-04-15,Card
1768,1213,5,800.0,2025-05-15,Card
1769,1214,2,100.0,2025-09-18,Card
1770,1215,2,100.0,2025-05-03,Card
1771,1216,7,500.0,2025-06-20,Cash
1772,1217,2,100.0,2025-10-31,Bank Transfer
1773,1218,5,800.0,2025-05-02,Cash
1774,1218,5,800.0,2025-06-01,Card
1775,1219,4,3200.0,2025-04-23,Card
1776,1220,5,800.0,2025-10-11,Bank Transfer
1777,1220,5,800.0,2025-11-10,Card
1778,1220,5,800.0,2025-12-10,Card
1779,1221,3,300.0,2025-03-19,Cash
1780,1221,3,300.0,2025-04-18,Card
1781,1222,4,3200.0,2025-08-28,Card
1782,1223,1,25.0,2025-02-07,Bank Transfer
1783,1224,1,25.0,2025-07-08,Card
1784,1225,1,25.0,2025-09-09,Card
1785,1226,1,25.0,2025-10-06,Card
1786,1227,6,8500.0,2025-07-01,Bank Transfer
1787,1228,1,25.0,2025-05-26,Cash
1788,1229,1,25.0,2025-09-06,Bank Transfer
1789,1230,1,25.0,2025-11-07,Bank Transfer
1790,1231,3,300.0,2025-01-07,Cash
1791,1231,3,300.0,2025-02-06,Card
1792,1231,3,300.0,2025-03-08,Card
1793,1232,3,300.0,2025-03-08,Cash
1794,1232,3,300.0,2025-04-07,Card
1795,1233,2,100.0,2025-09-06,Card
1796,1234,1,25.0,2025-11-13,Bank Transfer
1797,1235,6,8500.0,2025-09-27,Card
1798,1236,6,8500.0,2025-02-19,Card
1799,1237,3,300.0,2025-01-31,Card
1800,1237,3,300.0,2025-03-02,Card
1801,1238,3,300.0,2025-06-21,Card
1802,1238,3,300.0,2025-07-21,Card
1803,1238,3,300.0,2025-08-20,Card
1804,1239,5,800.0,2025-05-09,Cash
1805,1239,5,800.0,2025-06-08,Card
1806,1239,5,800.0,2025-07-08,Card
1807,1239,5,800.0,2025-08-07,Card
1808,1239,5,800.0,2025-09-06,Card
1809,1240,2,100.0,2025-04-29,Card
1810,1241,1,25.0,2025-04-19,Bank Transfer
1811,1242,2,100.0,2025-02-13,Card
1812,1243,1,25.0,2025-02-15,Card
1813,1244,1,25.0,2025-08-06,Bank Transfer
1814,1245,1,25.0,2025-07-13,Card
1815,1246,4,3200.0,2025-02-18,Cash
1816,1247,1,25.0,2025-11-12,Card
1817,1248,2,100.0,2025-09-14,Card
1818,1249,1,25.0,2025-04-24,Cash
1819,1250,7,500.0,2025-05-27,Card
1820,1251,1,25.0,2025-08-27,Card
1821,1252,1,25.0,2025-01-30,Card
1822,1253,3,300.0,2025-11-26,Cash
1823,1254,2,100.0,2025-01-06,Cash
1824,1254,2,100.0,2025-01-13,Card
1825,1255,3,300.0,2025-03-21,Card
1826,1256,3,300.0,2025-05-24,Cash
1827,1256,3,300.0,2025-06-23,Card
1828,1256,3,300.0,2025-07-23,Card
1829,1256,3,300.0,2025-08-22,Card
1830,1256,3,300.0,2025-09-21,Card
1831,1257,1,25.0,2025-04-30,Card
1832,1258,3,300.0,2025-06-27,Cash
1833,1258,3,300.0,2025-07-27,Card
1834,1259,3,300.0,2025-02-10,Card
1835,1259,3,300.0,2025-03-12,Card
1836,1260,3,300.0,2025-09-07,Bank Transfer
1837,1260,3,300.0,2025-10-07,Card
1838,1260,3,300.0,2025-11-06,Card
1839,1260,3,300.0,2025-12-06,Card
1840,1261,3,300.0,2025-05-26,Bank Transfer
1841,1261,3,300.0,2025-06-25,Card
1842,1261,3,300.0,2025-07-25,Card
1843,1262,1,25.0,2025-07-01,Card
1844,1263,2,100.0,2025-01-24,Bank Transfer
1845,1264,2,100.0,2025-08-24,Card
1846,1265,4,3200.0,2025-03-04,Card
1847,1266,3,300.0,2025-08-09,Cash
1848,1266,3,300.0,2025-09-08,Card
1849,1267,7,500.0,2025-10-25,Bank Transfer
1850,1268,3,300.0,2025-08-21,Card
1851,1269,4,3200.0,2025-09-21,Card
1852,1270,3,300.0,2025-06-05,Cash
1853,1270,3,300.0,2025-07-05,Card
1854,1271,3,300.0,2025-01-08,Bank Transfer
1855,1272,2,100.0,2025-03-09,Cash
1856,1273,7,500.0,2025-11-10,Card
1857,1274,3,300.0,2025-06-01,Cash
1858,1274,3,300.0,2025-07-01,Card
1859,1274,3,300.0,2025-07-31,Card
1860,1274,3,300.0,2025-08-30,Card
1861,1274,3,300.0,2025-09-29,Card
1862,1275,3,300.0,2025-07-05,Cash
1863,1275,3,300.0,2025-08-04,Card
1864,1275,3,300.0,2025-09-03,Card
1865,1276,1,25.0,2025-07-05,Card
1866,1277,1,25.0,2025-04-29,Cash
1867,1278,1,25.0,2025-03-24,Card
1868,1279,4,3200.0,2025-08-25,Card
1869,1280,1,25.0,2025-10-03,Card
1870,1281,1,25.0,2025-10-12,Cash
1871,1282,1,25.0,2025-02-06,Card
1872,1283,6,8500.0,2025-06-14,Card
1873,1284,5,800.0,2025-05-23,Card
1874,1285,5,800.0,2025-08-03,Bank Transfer
1875,1285,5,800.0,2025-09-02,Card
1876,1286,1,25.0,2025-06-02,Cash
1877,1287,1,25.0,2025-08-15,Card
1878,1288,1,25.0,2025-01-12,Card
1879,1289,3,300.0,2025-07-16,Bank Transfer
1880,1289,3,300.0,2025-08-15,Card
1881,1289,3,300.0,2025-09-14,Card
1882,1290,4,3200.0,2025-03-30,Bank Transfer
1883,1291,1,25.0,2025-08-06,Cash
1884,1292,6,8500.0,2025-11-27,Cash
1885,1293,1,25.0,2025-04-22,Bank Transfer
1886,1294,2,100.0,2025-06-25,Cash
1887,1295,7,500.0,2025-11-17,Card
1888,1296,1,25.0,2025-01-04,Card
1889,1297,1,25.0,2025-04-16,Bank Transfer
1890,1298,1,25.0,2025-03-13,Card
1891,1299,1,25.0,2025-02-09,Cash
1892,1300,7,500.0,2025-07-22,Cash
1893,1301,4,3200.0,2025-08-28,Cash
1894,1302,3,300.0,2025-09-21,Cash
1895,1302,3,300.0,2025-10-21,Card
1896,1303,1,25.0,2025-06-14,Cash
1897,1304,2,100.0,2025-07-26,Card
1898,1305,2,100.0,2025-03-10,Card
1899,1306,1,25.0,2025-01-01,Card
1900,1307,1,25.0,2025-04-03,Card
1901,1308,6,8500.0,2025-02-21,Card
1902,1309,7,500.0,2025-07-10,Cash
1903,1310,3,300.0,2025-08-03,Bank Transfer
1904,1310,3,300.0,2025-09-02,Card
1905,1311,1,25.0,2025-03-28,Card
1906,1312,4,3200.0,2025-10-09,Bank Transfer
1907,1313,2,100.0,2025-07-25,Cash
1908,1314,7,500.0,2025-01-15,Bank Transfer
1909,1315,2,100.0,2025-05-13,Card
1910,1316,1,25.0,2025-05-06,Card
1911,1317,6,8500.0,2025-05-09,Cash
1912,1318,1,25.0,2025-01-12,Bank Transfer
1913,1319,6,8500.0,2025-05-21,Cash
1914,1320,3,300.0,2025-06-24,Card
1915,1321,2,100.0,2025-03-06,Cash
1916,1322,4,3200.0,2025-05-16,Bank Transfer
1917,1323,2,100.0,2025-11-19,Card
1918,1324,2,100.0,2025-10-09,Bank Transfer
1919,1325,2,100.0,2025-04-25,Card
1920,1325,2,100.0,2025-05-02,Card
1921,1326,3,300.0,2025-06-21,Card
1922,1327,1,25.0,2025-04-04,Card
1923,1328,3,300.0,2025-08-27,Cash
1924,1328,3,300.0,2025-09-26,Card
1925,1329,6,8500.0,2025-08-26,Card
1926,1330,1,25.0,2025-11-04,Cash
1927,1331,6,8500.0,2025-02-10,Card
1928,1332,7,500.0,2025-03-13,Card
1929,1333,7,500.0,2025-07-14,Cash
1930,1334,1,25.0,2025-06-21,Card
1931,1335,1,25.0,2025-08-01,Card
1932,1336,3,300.0,2025-11-07,Card
1933,1336,3,300.0,2025-12-07,Card
1934,1337,3,300.0,2025-10-25,Cash
1935,1337,3,300.0,2025-11-24,Card
1936,1337,3,300.0,2025-12-24,Card
1937,1338,5,800.0,2025-11-04,Card
1938,1339,5,800.0,2025-02-21,Card
1939,1339,5,800.0,2025-03-23,Card
1940,1339,5,800.0,2025-04-22,Card
1941,1339,5,800.0,2025-05-22,Card
1942,1339,5,800.0,2025-06-21,Card
1943,1339,5,800.0,2025-07-21,Card
1944,1340,1,25.0,2025-11-21,Card
1945,1341,3,300.0,2025-06-24,Card
1946,1341,3,300.0,2025-07-24,Card
1947,1342,1,25.0,2025-11-29,Card
1948,1343,7,500.0,2025-07-23,Card
1949,1344,1,25.0,2025-10-08,Card
1950,1345,4,3200.0,2025-07-27,Card
1951,1346,3,300.0,2025-03-23,Bank Transfer
1952,1347,1,25.0,2025-08-04,Card
1953,1348,3,300.0,2025-04-25,Cash
1954,1349,2,100.0,2025-02-28,Card
1955,1350,1,25.0,2025-10-30,Card
1956,1351,1,25.0,2025-06-14,Card
1957,1352,1,25.0,2025-07-06,Bank Transfer
1958,1353,1,25.0,2025-10-29,Card
1959,1354,3,300.0,2025-06-28,Bank Transfer
1960,1354,3,300.0,2025-07-28,Card
1961,1355,1,25.0,2025-05-15,Cash
1962,1356,1,25.0,2025-02-15,Bank Transfer
1963,1357,1,25.0,2025-03-12,Cash
1964,1358,3,300.0,2025-09-11,Card
1965,1358,3,300.0,2025-10-11,Card
1966,1359,3,300.0,2025-08-26,Cash
1967,1359,3,300.0,2025-09-25,Card
1968,1359,3,300.0,2025-10-25,Card
1969,1360,3,300.0,2025-02-10,Bank Transfer
1970,1360,3,300.0,2025-03-12,Card
1971,1360,3,300.0,2025-04-11,Card
1972,1360,3,300.0,2025-05-11,Card
1973,1361,3,300.0,2025-09-09,Cash
1974,1361,3,300.0,2025-10-09,Card
1975,1361,3,300.0,2025-11-08,Card
1976,1362,1,25.0,2025-06-23,Card
1977,1363,3,300.0,2025-09-27,Bank Transfer
1978,1363,3,300.0,2025-10-27,Card
1979,1364,7,500.0,2025-11-17,Cash
1980,1365,7,500.0,2025-10-25,Card
1981,1366,1,25.0,2025-03-20,Bank Transfer
1982,1367,3,300.0,2025-09-16,Card
1983,1368,1,25.0,2025-10-26,Card
1984,1369,1,25.0,2025-03-25,Card
1985,1370,3,300.0,2025-07-07,Card
1986,1371,3,300.0,2025-03-08,Bank Transfer
1987,1372,1,25.0,2025-01-04,Card
1988,1373,3,300.0,2025-10-04,Card
1989,1374,3,300.0,2025-11-13,Card
1990,1375,4,3200.0,2025-03-31,Bank Transfer
1991,1376,5,800.0,2025-02-28,Card
1992,1377,5,800.0,2025-01-29,Card
1993,1377,5,800.0,2025-02-28,Card
1994,1377,5,800.0,2025-03-30,Card
1995,1378,1,25.0,2025-03-30,Card
1996,1379,2,100.0,2025-07-01,Cash
1997,1380,1,25.0,2025-06-09,Bank Transfer
1998,1381,6,8500.0,2025-07-12,Card
1999,1382,1,25.0,2025-11-21,Cash
2000,1383,1,25.0,2025-06-03,Cash
2001,1384,7,500.0,2025-07-23,Bank Transfer
2002,1385,2,100.0,2025-06-13,Card
2003,1385,2,100.0,2025-06-20,Card
2004,1386,4,3200.0,2025-07-05,Card
2005,1387,5,800.0,2025-09-07,Card
2006,1387,5,800.0,2025-10-07,Card
2007,1387,5,800.0,2025-11-06,Card
2008,1387,5,800.0,2025-12-06,Card
2009,1388,3,300.0,2025-10-07,Card
2010,1389,1,25.0,2025-04-25,Cash
2011,1390,2,100.0,2025-11-25,Cash
2012,1391,5,800.0,2025-11-23,Bank Transfer
2013,1391,5,800.0,2025-12-23,Card
2014,1392,1,25.0,2025-07-03,Bank Transfer
2015,1393,3,300.0,2025-05-02,Cash
2016,1394,1,25.0,2025-09-05,Cash
2017,1395,3,300.0,2025-07-02,Bank Transfer
2018,1396,3,300.0,2025-11-21,Card
2019,1396,3,300.0,2025-12-21,Card
2020,1397,1,25.0,2025-06-28,Card
2021,1398,3,300.0,2025-07-04,Card
2022,1398,3,300.0,2025-08-03,Card
2023,1398,3,300.0,2025-09-02,Card
2024,1399,2,100.0,2025-06-25,Bank Transfer
2025,1400,3,300.0,2025-04-10,Card
2026,1401,1,25.0,2025-03-13,Bank Transfer
2027,1402,3,300.0,2025-11-08,Bank Transfer
2028,1402,3,300.0,2025-12-08,Card
2029,1403,7,500.0,2025-04-18,Card
2030,1404,1,25.0,2025-03-30,Card
2031,1405,6,8500.0,2025-06-15,Card
2032,1406,2,100.0,2025-01-07,Cash
2033,1407,7,500.0,2025-06-03,Card
2034,1408,1,25.0,2025-01-07,Cash
2035,1409,3,300.0,2025-11-04,Bank Transfer
2036,1410,3,300.0,2025-03-30,Card
2037,1410,3,300.0,2025-04-29,Card
2038,1410,3,300.0,2025-05-29,Card
2039,1411,1,25.0,2025-09-21,Card
2040,1412,1,25.0,2025-07-20,Cash
2041,1413,1,25.0,2025-11-03,Card
2042,1414,5,800.0,2025-09-05,Bank Transfer
2043,1414,5,800.0,2025-10-05,Card
2044,1414,5,800.0,2025-11-04,Card
2045,1415,3,300.0,2025-08-14,Card
2046,1415,3,300.0,2025-09-13,Card
2047,1415,3,300.0,2025-10-13,Card
2048,1416,2,100.0,2025-02-27,Bank Transfer
2049,1417,3,300.0,2025-09-13,Cash
2050,1418,3,300.0,2025-06-14,Card
2051,1418,3,300.0,2025-07-14,Card
2052,1419,3,300.0,2025-05-28,Card
2053,1420,1,25.0,2025-11-06,Card
2054,1421,7,500.0,2025-03-31,Bank Transfer
2055,1422,1,25.0,2025-10-09,Card
2056,1423,1,25.0,2025-09-23,Cash
2057,1424,6,8500.0,2025-02-17,Bank Transfer
2058,1425,1,25.0,2025-09-11,Card
2059,1426,1,25.0,2025-08-24,Bank Transfer
2060,1427,5,800.0,2025-06-24,Cash
2061,1427,5,800.0,2025-07-24,Card
2062,1427,5,800.0,2025-08-23,Card
2063,1427,5,800.0,2025-09-22,Card
2064,1428,1,25.0,2025-10-19,Bank Transfer
2065,1429,6,8500.0,2025-10-22,Card
2066,1430,1,25.0,2025-11-19,Bank Transfer
2067,1431,2,100.0,2025-03-08,Card
2068,1432,3,300.0,2025-04-27,Bank Transfer
2069,1432,3,300.0,2025-05-27,Card
2070,1433,3,300.0,2025-11-08,Cash
2071,1434,6,8500.0,2025-09-12,Cash
2072,1435,6,8500.0,2025-03-18,Cash
2073,1436,1,25.0,2025-02-10,Cash
2074,1437,1,25.0,2025-07-27,Card
2075,1438,1,25.0,2025-01-12,Card
2076,1439,1,25.0,2025-09-01,Bank Transfer
2077,1440,3,300.0,2025-04-24,Card
2078,1440,3,300.0,2025-05-24,Card
2079,1440,3,300.0,2025-06-23,Card
2080,1441,1,25.0,2025-02-11,Card
2081,1442,1,25.0,2025-07-10,Cash
2082,1443,1,25.0,2025-04-01,Cash
2083,1444,3,300.0,2025-03-27,Cash
2084,1444,3,300.0,2025-04-26,Card
2085,1445,1,25.0,2025-11-02,Cash
2086,1446,1,25.0,2025-11-14,Cash
2087,1447,1,25.0,2025-06-29,Card
2088,1448,7,500.0,2025-10-07,Card
2089,1449,2,100.0,2025-01-11,Card
2090,1450,1,25.0,2025-09-30,Bank Transfer
2091,1451,1,25.0,2025-07-08,Bank Transfer
2092,1452,1,25.0,2025-02-27,Cash
2093,1453,1,25.0,2025-11-30,Card
2094,1454,1,25.0,2025-07-09,Cash
2095,1455,3,300.0,2025-09-19,Bank Transfer
2096,1455,3,300.0,2025-10-19,Card
2097,1456,1,25.0,2025-03-04,Bank Transfer
2098,1457,2,100.0,2025-08-06,Card
2099,1458,1,25.0,2025-09-21,Bank Transfer
2100,1459,1,25.0,2025-09-01,Card
2101,1460,1,25.0,2025-05-30,Card
2102,1461,3,300.0,2025-08-27,Cash
2103,1462,1,25.0,2025-07-24,Card
2104,1463,1,25.0,2025-05-07,Card
2105,1464,3,300.0,2025-02-18,Card
2106,1464,3,300.0,2025-03-20,Card
2107,1464,3,300.0,2025-04-19,Card
2108,1465,5,800.0,2025-02-11,Card
2109,1465,5,800.0,2025-03-13,Card
2110,1466,2,100.0,2025-02-12,Cash
2111,1466,2,100.0,2025-02-19,Card
2112,1467,2,100.0,2025-05-22,Card
2113,1468,5,800.0,2025-08-08,Bank Transfer
2114,1468,5,800.0,2025-09-07,Card
2115,1468,5,800.0,2025-10-07,Card
2116,1468,5,800.0,2025-11-06,Card
2117,1468,5,800.0,2025-12-06,Card
2118,1469,3,300.0,2025-11-17,Bank Transfer
2119,1469,3,300.0,2025-12-17,Card
2120,1470,2,100.0,2025-01-19,Bank Transfer
2121,1471,4,3200.0,2025-02-10,Card
2122,1472,2,100.0,2025-10-19,Card
2123,1473,3,300.0,2025-08-07,Card
2124,1473,3,300.0,2025-09-06,Card
2125,1473,3,300.0,2025-10-06,Card
2126,1474,1,25.0,2025-05-08,Card
2127,1475,5,800.0,2025-03-25,Bank Transfer
2128,1476,3,300.0,2025-09-11,Cash
2129,1476,3,300.0,2025-10-11,Card
2130,1476,3,300.0,2025-11-10,Card
2131,1477,7,500.0,2025-04-18,Card
2132,1478,5,800.0,2025-03-22,Bank Transfer
2133,1478,5,800.0,2025-04-21,Card
2134,1478,5,800.0,2025-05-21,Card
2135,1479,1,25.0,2025-01-06,Card
2136,1480,3,300.0,2025-01-29,Card
2137,1481,1,25.0,2025-05-18,Card
2138,1482,2,100.0,2025-09-05,Card
2139,1483,2,100.0,2025-06-26,Card
2140,1484,3,300.0,2025-04-08,Card
2141,1485,5,800.0,2025-03-15,Card
2142,1485,5,800.0,2025-04-14,Card
2143,1486,4,3200.0,2025-04-09,Card
2144,1487,1,25.0,2025-07-07,Bank Transfer
2145,1488,1,25.0,2025-08-11,Card
2146,1489,1,25.0,2025-11-16,Card
2147,1490,1,25.0,2025-09-29,Card
2148,1491,5,800.0,2025-10-20,Cash
2149,1491,5,800.0,2025-11-19,Card
2150,1491,5,800.0,2025-12-19,Card
2151,1492,2,100.0,2025-06-03,Cash
2152,1493,5,800.0,2025-03-21,Cash
2153,1493,5,800.0,2025-04-20,Card
2154,1493,5,800.0,2025-05-20,Card
2155,1494,3,300.0,2025-08-16,Bank Transfer
2156,1494,3,300.0,2025-09-15,Card
2157,1494,3,300.0,2025-10-15,Card
2158,1494,3,300.0,2025-11-14,Card
2159,1494,3,300.0,2025-12-14,Card
2160,1495,2,100.0,2025-06-24,Cash
2161,1496,1,25.0,2025-01-02,Bank Transfer
2162,1497,4,3200.0,2025-09-30,Cash
2163,1498,1,25.0,2025-05-11,Cash
2164,1499,2,100.0,2025-06-16,Bank Transfer
2165,1500,1,25.0,2025-11-09,Cash
